rank,stock_id,name,industry_category,entry_score,entry_signal,close,volume_ratio,rsi14,adx14,foreign_buy_streak,invest_trust_streak,dealer_buy_streak,f_score,condition_count,margin_change_5d,relative_strength_5d,return_5d,revenue_yoy,sma5,sma10,grade,entry_reason,limit_down_streak,expected_hold_days,momentum_decay_signal,estimated_sl_days
1,2476,鉅祥,,1909.7460771145545,False,131.0,2.087523158966728,69.6159826028863,23.296057946013743,0.0,1.0,3.0,-1,17,,0.055747875788737,0.1391304347826087,,,,A,"macd_golden_cross, above_ema60, ema60_gt_ema120, volume_break, rsi_strong, breakout_20d, market_above_ma60, liquidity_ok, hist_turn_positive, adx_trending, stronger_than_market, obv_uptrend, dealer_buy_3d, bb_squeeze_breakout, breakout_volume_confirm, mfi_strong, above_ichimoku_cloud",,,,
2,2312,金寶,,1738.1789354354212,False,40.0,3.205499273239588,79.75601550668961,35.3180544582683,8.0,0.0,5.0,-1,15,,0.3580588824475696,0.4414414414414414,,,,A,"above_ema60, ema60_gt_ema120, volume_break, rsi_strong, breakout_20d, market_above_ma60, liquidity_ok, foreign_buy_3d, adx_trending, stronger_than_market, obv_uptrend, dealer_buy_3d, breakout_volume_confirm, mfi_strong, above_ichimoku_cloud",,,,
3,3321,同泰,,1735.6327542287677,False,18.2,3.723443906502602,66.10835070696682,22.78232269711598,3.0,0.0,0.0,-1,15,,0.106159924666259,0.1895424836601307,,,,A,"above_ema60, ema60_gt_ema120, volume_break, rsi_strong, breakout_20d, market_above_ma60, foreign_buy_3d, adx_trending, stronger_than_market, obv_uptrend, bb_squeeze_breakout, breakout_volume_confirm, cci_momentum, mfi_strong, above_ichimoku_cloud",,,,
4,3189,景碩,,1730.4432986485194,False,696.0,1.6728665707655814,77.49070338174106,31.380374220367763,1.0,8.0,0.0,-1,15,,0.2733425872049586,0.3567251461988303,,,,A,"above_ema60, ema60_gt_ema120, volume_break, rsi_strong, breakout_20d, market_above_ma60, liquidity_ok, adx_trending, stronger_than_market, obv_uptrend, invest_trust_buy_2d, bb_squeeze_breakout, breakout_volume_confirm, mfi_strong, above_ichimoku_cloud",,,,
5,2369,菱生,,1726.9013810402969,False,37.7,3.5004637333384654,70.18039553260388,17.954297851913292,5.0,0.0,4.0,-1,15,,0.239424458549988,0.3228070175438597,,,,A,"above_ema60, ema60_gt_ema120, volume_break, rsi_strong, breakout_20d, market_above_ma60, liquidity_ok, foreign_buy_3d, stronger_than_market, obv_uptrend, dealer_buy_3d, bb_squeeze_breakout, breakout_volume_confirm, mfi_strong, above_ichimoku_cloud",,,,
6,2344,華邦電,,1716.530541576355,False,141.0,1.4543426212562078,68.83559914775121,25.3253712631802,3.0,2.0,4.0,-1,15,,0.1166174410061282,0.1999999999999999,,,,A,"above_ema60, ema60_gt_ema120, rsi_strong, breakout_20d, market_above_ma60, liquidity_ok, foreign_buy_3d, adx_trending, stronger_than_market, obv_uptrend, invest_trust_buy_2d, dealer_buy_3d, cci_momentum, mfi_strong, above_ichimoku_cloud",,,,
7,2421,建準,,1707.9730031294966,False,165.0,1.61061213611843,69.50102076244438,16.412034219423827,4.0,6.0,0.0,-1,15,,0.0545484754888869,0.1379310344827586,,,,B,"above_ema60, ema60_gt_ema120, volume_break, rsi_strong, breakout_20d, market_above_ma60, liquidity_ok, foreign_buy_3d, stronger_than_market, obv_uptrend, invest_trust_buy_2d, bb_squeeze_breakout, breakout_volume_confirm, mfi_strong, above_ichimoku_cloud",,,,
8,2467,志聖,,1690.7559654968877,False,668.0,1.2896974839160813,64.95855703846175,30.22502433489205,2.0,0.0,3.0,-1,15,,0.0763396632283506,0.1597222222222223,,,,B,"macd_golden_cross, above_ema60, ema60_gt_ema120, rsi_strong, breakout_20d, market_above_ma60, liquidity_ok, hist_turn_positive, adx_trending, stronger_than_market, obv_uptrend, dealer_buy_3d, bb_squeeze_breakout, mfi_strong, above_ichimoku_cloud",,,,
9,3026,禾伸堂,,1655.1799755650038,False,570.0,0.3814593610746013,88.16350901354262,53.53925429200128,15.0,6.0,4.0,-1,14,,0.4782612766225667,0.5616438356164384,,,,B,"above_ema60, ema60_gt_ema120, rsi_strong, breakout_20d, market_above_ma60, liquidity_ok, foreign_buy_3d, adx_trending, stronger_than_market, obv_uptrend, invest_trust_buy_2d, dealer_buy_3d, mfi_strong, above_ichimoku_cloud",,,,
10,4919,新唐,,1646.695116820655,False,211.0,1.938500880976373,69.68114202900412,29.981697243611357,4.0,6.0,0.0,-1,14,,0.323284107672795,0.4066666666666667,,,,B,"above_ema60, ema60_gt_ema120, volume_break, rsi_strong, market_above_ma60, liquidity_ok, foreign_buy_3d, adx_trending, stronger_than_market, obv_uptrend, invest_trust_buy_2d, bb_squeeze_breakout, mfi_strong, above_ichimoku_cloud",,,,
11,2492,華新科,,1643.7799829306466,False,328.5,0.7081220371615581,88.26496545652964,45.7188366402366,10.0,6.0,6.0,-1,14,,0.4097992591879464,0.4931818181818181,,,,B,"above_ema60, ema60_gt_ema120, rsi_strong, breakout_20d, market_above_ma60, liquidity_ok, foreign_buy_3d, adx_trending, stronger_than_market, obv_uptrend, invest_trust_buy_2d, dealer_buy_3d, mfi_strong, above_ichimoku_cloud",,,,
12,3025,星通,,1631.393545862876,False,78.8,6.313669001078812,77.93442185481098,21.894257050620336,4.0,0.0,0.0,-1,14,,0.2636259880146752,0.3470085470085469,,,,B,"above_ema60, ema60_gt_ema120, volume_break, rsi_strong, breakout_20d, market_above_ma60, liquidity_ok, foreign_buy_3d, adx_trending, stronger_than_market, obv_uptrend, breakout_volume_confirm, mfi_strong, above_ichimoku_cloud",,,,
13,2484,希華,,1611.5398832128585,False,56.0,2.7800227386975296,73.68245556748433,33.12009534809918,3.0,0.0,0.0,-1,14,,0.3061956047778404,0.3895781637717121,,,,B,"above_ema60, ema60_gt_ema120, volume_break, rsi_strong, breakout_20d, market_above_ma60, liquidity_ok, foreign_buy_3d, adx_trending, stronger_than_market, obv_uptrend, breakout_volume_confirm, mfi_strong, above_ichimoku_cloud",,,,
14,2493,揚博,,1605.5158895234122,False,163.5,3.502776577089564,71.01013346133443,19.49177889144743,4.0,0.0,0.0,-1,14,,0.1599634486106911,0.2433460076045628,,,,B,"above_ema60, ema60_gt_ema120, volume_break, rsi_strong, breakout_20d, market_above_ma60, liquidity_ok, foreign_buy_3d, stronger_than_market, obv_uptrend, bb_squeeze_breakout, breakout_volume_confirm, mfi_strong, above_ichimoku_cloud",,,,
15,2454,聯發科,,1604.7380598662148,False,4265.0,1.5756453576350546,75.91130401467036,57.13761179305483,1.0,0.0,5.0,-1,14,,0.2684399449680934,0.3518225039619651,,,,B,"above_ema60, ema60_gt_ema120, volume_break, rsi_strong, breakout_20d, market_above_ma60, liquidity_ok, adx_trending, stronger_than_market, obv_uptrend, dealer_buy_3d, breakout_volume_confirm, mfi_strong, above_ichimoku_cloud",,,,
16,2302,麗正,,1597.4069910420988,False,33.95,2.943206348256876,85.93361107940922,35.78424134314888,1.0,0.0,4.0,-1,14,,0.271906862163813,0.3552894211576847,,,,B,"above_ema60, ema60_gt_ema120, volume_break, rsi_strong, breakout_20d, market_above_ma60, liquidity_ok, adx_trending, stronger_than_market, obv_uptrend, dealer_buy_3d, breakout_volume_confirm, mfi_strong, above_ichimoku_cloud",,,,
17,3588,通嘉,,1597.1269076053209,False,65.1,1.0938868136108402,61.77716125675611,29.56007915238352,5.0,0.0,0.0,-1,14,,0.0162796031682903,0.099662162162162,,,,B,"macd_golden_cross, above_ema60, ema60_gt_ema120, rsi_strong, breakout_20d, market_above_ma60, hist_turn_positive, foreign_buy_3d, adx_trending, stronger_than_market, obv_uptrend, bb_squeeze_breakout, mfi_strong, above_ichimoku_cloud",,,,
18,3149,正達,,1585.5310223827792,False,68.0,1.7489378000947886,75.27220619281505,38.73284145768883,4.0,0.0,0.0,-1,14,,0.0930880292414224,0.1764705882352941,,,,B,"above_ema60, ema60_gt_ema120, volume_break, rsi_strong, breakout_20d, market_above_ma60, liquidity_ok, foreign_buy_3d, adx_trending, stronger_than_market, obv_uptrend, breakout_volume_confirm, mfi_strong, above_ichimoku_cloud",,,,
19,3312,弘憶股,,1582.2382881690096,False,52.8,2.234389317040785,73.87782186529294,46.67635950726056,0.0,0.0,3.0,-1,14,,0.082180354913413,0.1655629139072847,,,,B,"above_ema60, ema60_gt_ema120, volume_break, rsi_strong, breakout_20d, market_above_ma60, liquidity_ok, adx_trending, stronger_than_market, obv_uptrend, dealer_buy_3d, breakout_volume_confirm, mfi_strong, above_ichimoku_cloud",,,,
20,2404,漢唐,,1582.1630951041468,False,1265.0,1.6170508011622444,78.80130475749228,31.51530901132909,7.0,0.0,0.0,-1,14,,0.1447727808119534,0.2281553398058251,,,,B,"above_ema60, ema60_gt_ema120, volume_break, rsi_strong, breakout_20d, market_above_ma60, liquidity_ok, foreign_buy_3d, adx_trending, stronger_than_market, obv_uptrend, breakout_volume_confirm, mfi_strong, above_ichimoku_cloud",,,,
21,3708,上緯投控,,1578.753690313603,False,131.5,3.568576035592838,63.75066039074794,17.55337200424819,1.0,0.0,5.0,-1,14,,0.0551455795342668,0.1385281385281385,,,,B,"above_ema60, ema60_gt_ema120, volume_break, rsi_strong, breakout_20d, market_above_ma60, liquidity_ok, stronger_than_market, obv_uptrend, dealer_buy_3d, bb_squeeze_breakout, breakout_volume_confirm, mfi_strong, above_ichimoku_cloud",,,,
22,3704,合勤控,,1565.5613086112326,False,45.25,1.882884702641291,79.1417872693921,31.30431328473166,1.0,0.0,4.0,-1,14,,0.1042814830008789,0.1876640419947506,,,,B,"above_ema60, ema60_gt_ema120, volume_break, rsi_strong, breakout_20d, market_above_ma60, liquidity_ok, adx_trending, stronger_than_market, obv_uptrend, dealer_buy_3d, breakout_volume_confirm, mfi_strong, above_ichimoku_cloud",,,,
23,4958,臻鼎-KY,,1518.4970949492874,False,540.0,0.785758090370538,77.04816621025952,51.78682747250909,1.0,6.0,1.0,-1,13,,0.2385268657307304,0.3219094247246021,,,,B,"above_ema60, ema60_gt_ema120, rsi_strong, breakout_20d, market_above_ma60, liquidity_ok, adx_trending, stronger_than_market, obv_uptrend, invest_trust_buy_2d, bb_squeeze_breakout, mfi_strong, above_ichimoku_cloud",,,,
24,2399,映泰,,1495.8093202280702,False,50.5,1.4963773563069818,67.45460899139974,41.74194209927144,5.0,0.0,2.0,-1,13,,0.0910360456572911,0.1744186046511628,,,,B,"above_ema60, ema60_gt_ema120, rsi_strong, breakout_20d, market_above_ma60, liquidity_ok, foreign_buy_3d, adx_trending, stronger_than_market, obv_uptrend, bb_squeeze_breakout, mfi_strong, above_ichimoku_cloud",,,,
25,2305,全友,,1495.6401974291018,False,20.8,6.786436194491191,71.59521165245539,19.28482309089427,0.0,0.0,8.0,-1,13,,0.1849101239329578,0.2682926829268295,,,,B,"above_ema60, ema60_gt_ema120, volume_break, rsi_strong, breakout_20d, market_above_ma60, liquidity_ok, stronger_than_market, obv_uptrend, dealer_buy_3d, breakout_volume_confirm, mfi_strong, above_ichimoku_cloud",,,,
26,3037,欣興,,1492.9168431225469,False,1085.0,1.0808315629566778,76.25419897414486,27.80619659530141,4.0,1.0,1.0,-1,13,,0.2430233089767883,0.32640586797066,,,,B,"above_ema60, ema60_gt_ema120, rsi_strong, breakout_20d, market_above_ma60, liquidity_ok, foreign_buy_3d, adx_trending, stronger_than_market, obv_uptrend, bb_squeeze_breakout, mfi_strong, above_ichimoku_cloud",,,,
27,2308,台達電,,1490.5016136847107,False,2350.0,1.0214305507401205,67.71910945617432,40.910159376957786,2.0,2.0,4.0,-1,13,,0.1437714880035172,0.2271540469973889,,,,B,"above_ema60, ema60_gt_ema120, rsi_strong, breakout_20d, market_above_ma60, liquidity_ok, adx_trending, stronger_than_market, obv_uptrend, invest_trust_buy_2d, dealer_buy_3d, cci_momentum, above_ichimoku_cloud",,,,
28,2439,美律,,1484.7731452078688,False,92.3,4.111739964933779,67.21206085824286,23.660668124584912,0.0,0.0,4.0,-1,13,,-4.922566053844335e-05,0.0833333333333332,,,,B,"above_ema60, volume_break, rsi_strong, breakout_20d, market_above_ma60, liquidity_ok, adx_trending, obv_uptrend, dealer_buy_3d, bb_squeeze_breakout, breakout_volume_confirm, cci_momentum, mfi_strong",,,,
29,2360,致茂,,1482.947022860555,False,2500.0,0.7559446341643233,65.2448699256185,42.07133120175402,2.0,3.0,0.0,-1,13,,0.1331624531715785,0.2165450121654502,,,,B,"above_ema60, ema60_gt_ema120, rsi_strong, breakout_20d, market_above_ma60, liquidity_ok, adx_trending, stronger_than_market, obv_uptrend, invest_trust_buy_2d, cci_momentum, mfi_strong, above_ichimoku_cloud",,,,
30,2351,順德,,1478.8930023703956,False,216.0,0.9321352885715266,77.00378325476284,58.41422815063806,2.0,0.0,2.0,-1,13,,0.1615742133404223,0.244956772334294,,,,B,"macd_golden_cross, above_ema60, ema60_gt_ema120, rsi_strong, breakout_20d, market_above_ma60, liquidity_ok, hist_turn_positive, adx_trending, stronger_than_market, obv_uptrend, mfi_strong, above_ichimoku_cloud",,,,
31,3042,晶技,,1476.894172305143,False,203.0,3.293654804745297,75.83505184185066,25.13371799491507,0.0,1.0,0.0,-1,13,,0.28823906262775,0.3716216216216217,,,,C,"above_ema60, ema60_gt_ema120, volume_break, rsi_strong, breakout_20d, market_above_ma60, liquidity_ok, adx_trending, stronger_than_market, obv_uptrend, breakout_volume_confirm, mfi_strong, above_ichimoku_cloud",,,,
32,3532,台勝科,,1476.4237152818089,False,300.0,0.8258052435577211,72.55316305691964,32.989067260470065,2.0,0.0,0.0,-1,13,,0.4017659558576134,0.4851485148514851,,,,C,"macd_golden_cross, above_ema60, ema60_gt_ema120, rsi_strong, breakout_20d, market_above_ma60, liquidity_ok, hist_turn_positive, adx_trending, stronger_than_market, obv_uptrend, mfi_strong, above_ichimoku_cloud",,,,
33,2301,光寶科,,1476.1884014915,False,239.5,1.4499639267253217,73.02424531689364,34.0463885836822,0.0,2.0,2.0,-1,13,,0.0764237364056439,0.1598062953995156,,,,C,"above_ema60, ema60_gt_ema120, rsi_strong, breakout_20d, market_above_ma60, liquidity_ok, adx_trending, stronger_than_market, obv_uptrend, invest_trust_buy_2d, cci_momentum, mfi_strong, above_ichimoku_cloud",,,,
34,2441,超豐,,1464.715923056164,False,136.0,1.93383505885181,81.69699366167747,30.382495033699858,0.0,1.0,0.0,-1,13,,0.2499507743394615,0.3333333333333332,,,,C,"above_ema60, ema60_gt_ema120, volume_break, rsi_strong, breakout_20d, market_above_ma60, liquidity_ok, adx_trending, stronger_than_market, obv_uptrend, breakout_volume_confirm, mfi_strong, above_ichimoku_cloud",,,,
35,2449,京元電子,,1462.0524078321798,False,338.5,2.353894530736979,62.58629082066806,14.723690742536377,4.0,0.0,4.0,-1,13,,0.0878977178227373,0.171280276816609,,,,C,"macd_golden_cross, above_ema60, ema60_gt_ema120, volume_break, rsi_strong, market_above_ma60, liquidity_ok, hist_turn_positive, foreign_buy_3d, stronger_than_market, obv_uptrend, dealer_buy_3d, above_ichimoku_cloud",,,,
36,3062,建漢,,1451.3468820061507,False,30.05,1.5051197288060298,58.40472759670524,20.55953045413815,5.0,0.0,3.0,-1,13,,0.0073615426395221,0.0907441016333938,,,,C,"above_ema60, ema60_gt_ema120, volume_break, rsi_strong, market_above_ma60, liquidity_ok, foreign_buy_3d, adx_trending, stronger_than_market, obv_uptrend, dealer_buy_3d, mfi_strong, above_ichimoku_cloud",,,,
37,2428,興勤,,1450.654701846944,False,256.0,1.5166226843969708,86.37827411613382,34.2005626780622,1.0,0.0,1.0,-1,13,,0.1128791232491188,0.1962616822429905,,,,C,"above_ema60, ema60_gt_ema120, volume_break, rsi_strong, breakout_20d, market_above_ma60, liquidity_ok, adx_trending, stronger_than_market, obv_uptrend, breakout_volume_confirm, mfi_strong, above_ichimoku_cloud",,,,
38,4956,光鋐,,1448.0994910870586,False,49.95,1.9138177051113603,60.186768837351394,25.046048808571737,0.0,0.0,0.0,-1,13,,0.089152652273734,0.1725352112676057,,,,C,"macd_golden_cross, above_ema60, ema60_gt_ema120, volume_break, rsi_strong, market_above_ma60, liquidity_ok, hist_turn_positive, adx_trending, stronger_than_market, obv_uptrend, mfi_strong, above_ichimoku_cloud",,,,
39,4952,凌通,,1446.4218097439928,False,55.0,1.5460652891432742,67.76831734457888,34.71607941861382,1.0,0.0,0.0,-1,13,,0.0624507743394615,0.1458333333333332,,,,C,"above_ema60, ema60_gt_ema120, volume_break, rsi_strong, breakout_20d, market_above_ma60, liquidity_ok, adx_trending, stronger_than_market, obv_uptrend, breakout_volume_confirm, mfi_strong, above_ichimoku_cloud",,,,
40,2453,凌群,,1432.3363634631644,False,61.6,7.473379963299434,76.10977363697246,32.9132967937774,1.0,0.0,0.0,-1,12,,0.0468926703639265,0.1302752293577982,,,,C,"above_ema60, volume_break, rsi_strong, breakout_20d, market_above_ma60, adx_trending, stronger_than_market, obv_uptrend, bb_squeeze_breakout, breakout_volume_confirm, mfi_strong, above_ichimoku_cloud",,,,
41,3229,晟鈦,,1407.4858253472164,False,47.9,0.9257188553628368,67.16759346435246,42.954619331747885,3.0,0.0,3.0,-1,12,,0.2527401746184015,0.3361227336122732,,,,C,"above_ema60, ema60_gt_ema120, rsi_strong, market_above_ma60, foreign_buy_3d, adx_trending, stronger_than_market, obv_uptrend, dealer_buy_3d, cci_momentum, mfi_strong, above_ichimoku_cloud",,,,
42,2327,國巨*,,1403.443400558189,False,661.0,0.5045067098224562,83.86842715814811,53.73860143178628,0.0,8.0,4.0,-1,12,,0.2465973202817821,0.3299798792756538,,,,C,"above_ema60, ema60_gt_ema120, rsi_strong, market_above_ma60, liquidity_ok, adx_trending, stronger_than_market, obv_uptrend, invest_trust_buy_2d, dealer_buy_3d, mfi_strong, above_ichimoku_cloud",,,,
43,2472,立隆電,,1397.7918979064546,False,307.0,1.2479803484873857,82.59960212586454,56.3227641140714,1.0,3.0,2.0,-1,12,,0.2398933030750938,0.3232758620689655,,,,C,"above_ema60, ema60_gt_ema120, rsi_strong, breakout_20d, market_above_ma60, liquidity_ok, adx_trending, stronger_than_market, obv_uptrend, invest_trust_buy_2d, mfi_strong, above_ichimoku_cloud",,,,
44,3622,洋華,,1382.1835235326157,False,58.5,2.694836654151364,61.839541117876216,20.440326014333746,4.0,0.0,1.0,-1,12,,-0.0020516902323191,0.0813308687615526,,,,C,"above_ema60, volume_break, rsi_strong, breakout_20d, market_above_ma60, foreign_buy_3d, adx_trending, obv_uptrend, bb_squeeze_breakout, breakout_volume_confirm, cci_momentum, mfi_strong",,,,
45,3168,眾福科,,1373.193276534018,False,52.1,4.4813873666091775,74.47838113406223,30.552664341449287,0.0,0.0,0.0,-1,12,,0.0782673852647681,0.1616499442586398,,,,C,"above_ema60, ema60_gt_ema120, volume_break, rsi_strong, breakout_20d, market_above_ma60, adx_trending, stronger_than_market, obv_uptrend, breakout_volume_confirm, mfi_strong, above_ichimoku_cloud",,,,
46,3617,碩天,,1362.8987540023586,False,206.5,1.0433033890845005,64.99207207647095,20.963550478985773,4.0,0.0,0.0,-1,12,,0.0150216963252771,0.0984042553191488,,,,C,"above_ema60, rsi_strong, breakout_20d, market_above_ma60, liquidity_ok, foreign_buy_3d, adx_trending, stronger_than_market, obv_uptrend, bb_squeeze_breakout, mfi_strong, above_ichimoku_cloud",,,,
47,2495,普安,,1362.669854468368,False,46.05,2.016665782130773,66.9925738432872,22.03026373525865,5.0,0.0,0.0,-1,12,,0.2047293291180163,0.288111888111888,,,,C,"above_ema60, ema60_gt_ema120, volume_break, rsi_strong, market_above_ma60, liquidity_ok, foreign_buy_3d, adx_trending, stronger_than_market, obv_uptrend, mfi_strong, above_ichimoku_cloud",,,,
48,3305,昇貿,,1359.5086362508605,False,163.5,1.3442082156472897,79.9558865763727,35.92654912420921,5.0,0.0,0.0,-1,12,,0.1014000497017804,0.1847826086956521,,,,C,"above_ema60, ema60_gt_ema120, rsi_strong, breakout_20d, market_above_ma60, liquidity_ok, foreign_buy_3d, adx_trending, stronger_than_market, obv_uptrend, mfi_strong, above_ichimoku_cloud",,,,
49,2357,華碩,,1358.8273352024885,False,699.0,0.8091862860374306,67.15007007865212,30.195223568604177,0.0,3.0,7.0,-1,12,,0.0054024877351002,0.0887850467289719,,,,C,"above_ema60, ema60_gt_ema120, rsi_strong, market_above_ma60, liquidity_ok, adx_trending, stronger_than_market, obv_uptrend, invest_trust_buy_2d, dealer_buy_3d, mfi_strong, above_ichimoku_cloud",,,,
50,3135,凌航,,1357.553460443731,False,225.0,0.3514097566073229,72.00356296604244,42.696767713215095,6.0,0.0,0.0,-1,12,,0.1134259516444262,0.1968085106382979,,,,C,"above_ema60, ema60_gt_ema120, rsi_strong, breakout_20d, market_above_ma60, liquidity_ok, foreign_buy_3d, adx_trending, stronger_than_market, obv_uptrend, mfi_strong, above_ichimoku_cloud",,,,
51,3013,晟銘電,,1356.7581664579666,False,124.0,2.891403559370917,67.34290086132378,21.809267405570164,0.0,0.0,0.0,-1,12,,0.1603486345868705,0.2437311935807422,,,,C,"above_ema60, volume_break, rsi_strong, breakout_20d, market_above_ma60, liquidity_ok, adx_trending, stronger_than_market, obv_uptrend, breakout_volume_confirm, mfi_strong, above_ichimoku_cloud",,,,
52,2317,鴻海,,1354.525792010188,False,259.0,0.6091482831303605,67.11931186860821,36.05827936398575,4.0,0.0,0.0,-1,12,,-0.0262397018510145,0.0571428571428571,,,,C,"macd_golden_cross, above_ema60, ema60_gt_ema120, rsi_strong, market_above_ma60, liquidity_ok, hist_turn_positive, foreign_buy_3d, adx_trending, obv_uptrend, mfi_strong, above_ichimoku_cloud",,,,
53,3055,蔚華科,,1351.737412031388,False,119.0,0.7841588956006906,69.33853116903535,46.266337039284345,3.0,0.0,0.0,-1,12,,-0.1237051396390329,-0.0403225806451612,,,,C,"above_ema60, ema60_gt_ema120, rsi_strong, market_above_ma60, avoid_chase, liquidity_ok, foreign_buy_3d, adx_trending, kd_golden_cross, obv_uptrend, mfi_strong, above_ichimoku_cloud",,,,
54,2303,聯電,,1350.8637933092969,False,130.5,1.1018664845938098,78.36322458015738,47.69665869902937,2.0,0.0,4.0,-1,12,,0.0714846976432963,0.154867256637168,,,,C,"above_ema60, ema60_gt_ema120, rsi_strong, breakout_20d, market_above_ma60, liquidity_ok, adx_trending, stronger_than_market, obv_uptrend, dealer_buy_3d, mfi_strong, above_ichimoku_cloud",,,,
55,3022,威強電,,1348.9219807539555,False,75.0,1.2786535125633252,65.98192043925752,18.690835944253,5.0,0.0,3.0,-1,12,,0.0244460968406925,0.1078286558345642,,,,C,"above_ema60, ema60_gt_ema120, rsi_strong, market_above_ma60, liquidity_ok, foreign_buy_3d, stronger_than_market, obv_uptrend, dealer_buy_3d, cci_momentum, mfi_strong, above_ichimoku_cloud",,,,
56,3044,健鼎,,1348.1367051030488,False,510.0,0.8463144989657343,62.83628111347255,37.74154574250837,2.0,0.0,4.0,-1,12,,0.019320143708831,0.1027027027027027,,,,C,"above_ema60, ema60_gt_ema120, rsi_strong, market_above_ma60, liquidity_ok, adx_trending, stronger_than_market, obv_uptrend, dealer_buy_3d, cci_momentum, mfi_strong, above_ichimoku_cloud",,,,
57,3715,定穎投控,,1347.8288302243666,False,186.0,1.3145554474132957,56.00054328103722,15.294258922348051,5.0,0.0,3.0,-1,12,,0.0438901682788555,0.1272727272727272,,,,C,"macd_golden_cross, above_ema60, ema60_gt_ema120, rsi_strong, market_above_ma60, liquidity_ok, hist_turn_positive, foreign_buy_3d, stronger_than_market, obv_uptrend, dealer_buy_3d, above_ichimoku_cloud",,,,
58,3673,TPK-KY,,1347.3907135553784,False,87.4,1.1308389855807646,77.99126703900123,43.50546023556255,1.0,0.0,4.0,-1,12,,0.0757686346400805,0.1591511936339522,,,,C,"above_ema60, ema60_gt_ema120, rsi_strong, breakout_20d, market_above_ma60, liquidity_ok, adx_trending, stronger_than_market, obv_uptrend, dealer_buy_3d, mfi_strong, above_ichimoku_cloud",,,,
59,3450,聯鈞,,1344.5891224315524,False,530.0,0.3171835626127007,72.70090673068893,29.723695571054616,0.0,0.0,5.0,-1,12,,0.2669359123437078,0.3503184713375795,,,,C,"above_ema60, ema60_gt_ema120, rsi_strong, breakout_20d, market_above_ma60, liquidity_ok, adx_trending, stronger_than_market, obv_uptrend, dealer_buy_3d, mfi_strong, above_ichimoku_cloud",,,,
60,3014,聯陽,,1343.8082947312848,False,151.0,0.9262429656285456,77.44286171661824,45.19755381020754,1.0,0.0,5.0,-1,12,,0.0434831126479193,0.126865671641791,,,,C,"above_ema60, ema60_gt_ema120, rsi_strong, breakout_20d, market_above_ma60, liquidity_ok, adx_trending, stronger_than_market, obv_uptrend, dealer_buy_3d, mfi_strong, above_ichimoku_cloud",,,,
61,2481,強茂,,1342.5972954015483,False,147.0,1.2466312725224091,76.85638534941624,44.58034968682267,1.0,0.0,3.0,-1,12,,0.005506329895017,0.0888888888888888,,,,C,"above_ema60, ema60_gt_ema120, rsi_strong, breakout_20d, market_above_ma60, liquidity_ok, adx_trending, stronger_than_market, obv_uptrend, dealer_buy_3d, mfi_strong, above_ichimoku_cloud",,,,
62,2458,義隆,,1340.041944794318,False,166.0,0.6755150474801699,72.26414799804367,28.699880150876176,7.0,0.0,1.0,-1,12,,0.0458691416864003,0.129251700680272,,,,C,"above_ema60, ema60_gt_ema120, rsi_strong, breakout_20d, market_above_ma60, liquidity_ok, foreign_buy_3d, adx_trending, stronger_than_market, obv_uptrend, mfi_strong, above_ichimoku_cloud",,,,
63,2376,技嘉,,1339.6491944342292,False,336.0,0.6748307181303798,66.78658693433587,36.07520872608316,1.0,0.0,0.0,-1,12,,0.0182567852684234,0.1016393442622951,,,,C,"macd_golden_cross, above_ema60, ema60_gt_ema120, rsi_strong, market_above_ma60, liquidity_ok, hist_turn_positive, adx_trending, stronger_than_market, obv_uptrend, mfi_strong, above_ichimoku_cloud",,,,
64,3652,精聯,,1339.360910640005,False,32.8,1.9208637445929535,69.84907223747501,26.925903243122605,0.0,0.0,0.0,-1,12,,0.0322636995095295,0.1156462585034012,,,,C,"above_ema60, ema60_gt_ema120, volume_break, rsi_strong, breakout_20d, market_above_ma60, adx_trending, stronger_than_market, obv_uptrend, breakout_volume_confirm, mfi_strong, above_ichimoku_cloud",,,,
65,2406,國碩,,1338.042956617614,False,34.5,2.11669223512847,57.30855386578168,16.037074975843183,4.0,0.0,2.0,-1,12,,0.0083895929048625,0.0917721518987342,,,,C,"above_ema60, ema60_gt_ema120, volume_break, rsi_strong, market_above_ma60, liquidity_ok, foreign_buy_3d, stronger_than_market, obv_uptrend, cci_momentum, mfi_strong, above_ichimoku_cloud",,,,
66,2395,研華,,1338.0221461112046,False,510.0,0.7792728740650976,78.7585317015602,43.0584641691823,1.0,0.0,3.0,-1,12,,0.0217095320137121,0.1050920910075838,,,,C,"above_ema60, ema60_gt_ema120, rsi_strong, breakout_20d, market_above_ma60, liquidity_ok, adx_trending, stronger_than_market, obv_uptrend, dealer_buy_3d, mfi_strong, above_ichimoku_cloud",,,,
67,2451,創見,,1317.9861586964807,False,316.5,0.4353259445143709,57.07216116217408,23.7085124101042,0.0,1.0,3.0,-1,12,,-0.0507561315876727,0.0326264274061989,,,,C,"above_ema60, ema60_gt_ema120, rsi_strong, market_above_ma60, avoid_chase, liquidity_ok, adx_trending, kd_golden_cross, obv_uptrend, dealer_buy_3d, mfi_strong, above_ichimoku_cloud",,,,
68,3023,信邦,,1312.244551611537,False,316.0,0.4690956612227989,64.67359754720434,23.127623256419533,3.0,0.0,2.0,-1,12,,-0.0557402825711075,0.0276422764227641,,,,C,"above_ema60, ema60_gt_ema120, rsi_strong, breakout_20d, market_above_ma60, avoid_chase, liquidity_ok, foreign_buy_3d, adx_trending, obv_uptrend, mfi_strong, above_ichimoku_cloud",,,,
69,3090,日電貿,,1288.1416877113363,False,232.0,0.4668910953921635,89.77944362061382,49.04180188757131,4.0,0.0,0.0,-1,11,,0.3443097486984359,0.4276923076923076,,,,C,"above_ema60, ema60_gt_ema120, rsi_strong, market_above_ma60, liquidity_ok, foreign_buy_3d, adx_trending, stronger_than_market, obv_uptrend, mfi_strong, above_ichimoku_cloud",,,,
70,3311,閎暉,,1284.2388754720987,False,35.5,5.478372582204408,69.8271707586827,18.2772765171838,5.0,0.0,0.0,-1,11,,0.061778731328709,0.1451612903225807,,,,C,"above_ema60, volume_break, rsi_strong, breakout_20d, market_above_ma60, foreign_buy_3d, stronger_than_market, obv_uptrend, breakout_volume_confirm, mfi_strong, above_ichimoku_cloud",,,,
71,3711,日月光投控,,1273.8798001400387,False,611.0,1.452048219561565,69.54491828879209,38.24842130143746,0.0,0.0,0.0,-1,11,,0.2111089664298571,0.2944915254237288,,,,C,"above_ema60, ema60_gt_ema120, rsi_strong, market_above_ma60, liquidity_ok, adx_trending, stronger_than_market, obv_uptrend, bb_squeeze_breakout, mfi_strong, above_ichimoku_cloud",,,,
72,3016,嘉晶,,1270.8397665933626,False,126.0,3.982093885045623,65.65118762440301,46.4302543740008,0.0,0.0,3.0,-1,11,,0.1458857336890551,0.2292682926829268,,,,C,"above_ema60, ema60_gt_ema120, volume_break, rsi_strong, market_above_ma60, liquidity_ok, adx_trending, stronger_than_market, dealer_buy_3d, mfi_strong, above_ichimoku_cloud",,,,
73,3443,創意,,1263.8283829040518,False,5285.0,0.7957636369325747,64.19775384868515,40.843940843967694,1.0,6.0,0.0,-1,11,,0.100268056907584,0.1836506159014557,,,,C,"above_ema60, ema60_gt_ema120, rsi_strong, market_above_ma60, liquidity_ok, adx_trending, stronger_than_market, obv_uptrend, invest_trust_buy_2d, mfi_strong, above_ichimoku_cloud",,,,
74,3257,虹冠電,,1263.644081305477,False,59.8,4.832475579682751,64.04836832223576,13.32547808700322,2.0,0.0,1.0,-1,11,,0.0199384742164603,0.103321033210332,,,,C,"above_ema60, volume_break, rsi_strong, breakout_20d, market_above_ma60, stronger_than_market, obv_uptrend, bb_squeeze_breakout, breakout_volume_confirm, cci_momentum, mfi_strong",,,,
75,4916,事欣科,,1257.3266226512417,False,100.5,0.432250516709602,81.88881777119303,38.48173768671131,3.0,0.0,0.0,-1,11,,0.1452237979743436,0.2286063569682153,,,,C,"above_ema60, ema60_gt_ema120, rsi_strong, market_above_ma60, liquidity_ok, foreign_buy_3d, adx_trending, stronger_than_market, obv_uptrend, mfi_strong, above_ichimoku_cloud",,,,
76,2356,英業達,,1255.7900099605351,False,62.6,3.401061860898707,74.44143885598166,39.0344751039333,0.0,1.0,0.0,-1,11,,0.1274491624761475,0.2108317214700192,,,,D,"above_ema60, ema60_gt_ema120, volume_break, rsi_strong, market_above_ma60, liquidity_ok, adx_trending, stronger_than_market, obv_uptrend, mfi_strong, above_ichimoku_cloud",,,,
77,2354,鴻準,,1254.6373821333084,False,60.5,0.4925775522091131,59.44199226432845,28.19717620211236,3.0,2.0,0.0,-1,11,,-0.0348556959089496,0.048526863084922,,,,D,"above_ema60, rsi_strong, market_above_ma60, avoid_chase, liquidity_ok, foreign_buy_3d, adx_trending, obv_uptrend, invest_trust_buy_2d, mfi_strong, above_ichimoku_cloud",,,,
78,3034,聯詠,,1252.1093863187868,False,491.5,0.6385914433262122,66.31637500393177,38.58962478062011,0.0,2.0,3.0,-1,11,,-0.0286615289509533,0.0547210300429183,,,,D,"above_ema60, ema60_gt_ema120, rsi_strong, market_above_ma60, liquidity_ok, adx_trending, obv_uptrend, invest_trust_buy_2d, dealer_buy_3d, mfi_strong, above_ichimoku_cloud",,,,
79,3481,群創,,1251.995237748966,False,45.7,2.2951540243932413,72.3207856186899,45.35258090775856,0.0,0.0,0.0,-1,11,,0.1369111659727504,0.2202937249666221,,,,D,"above_ema60, ema60_gt_ema120, volume_break, rsi_strong, market_above_ma60, liquidity_ok, adx_trending, stronger_than_market, obv_uptrend, mfi_strong, above_ichimoku_cloud",,,,
80,2465,麗臺,,1249.9454622118424,False,87.2,0.5516178444534126,65.13673231545246,37.42362432278017,4.0,0.0,0.0,-1,11,,0.0700565944452817,0.1534391534391535,,,,D,"above_ema60, ema60_gt_ema120, rsi_strong, market_above_ma60, liquidity_ok, foreign_buy_3d, adx_trending, stronger_than_market, obv_uptrend, mfi_strong, above_ichimoku_cloud",,,,
81,4927,泰鼎-KY,,1249.7281878693798,False,61.2,1.82113194267673,64.02269473481977,32.209833760837405,4.0,0.0,0.0,-1,11,,0.1430703468177516,0.2264529058116233,,,,D,"above_ema60, ema60_gt_ema120, volume_break, rsi_strong, market_above_ma60, liquidity_ok, foreign_buy_3d, adx_trending, stronger_than_market, mfi_strong, above_ichimoku_cloud",,,,
82,2368,金像電,,1249.6671637422162,False,1445.0,0.953985271649137,61.175530233535575,31.014205057407622,1.0,2.0,0.0,-1,11,,0.0411310596831711,0.1245136186770428,,,,D,"above_ema60, ema60_gt_ema120, rsi_strong, market_above_ma60, liquidity_ok, adx_trending, stronger_than_market, obv_uptrend, invest_trust_buy_2d, mfi_strong, above_ichimoku_cloud",,,,
83,2423,固緯,,1248.8677184119638,False,81.0,1.0940274189116324,73.60966561024077,51.21135229614754,0.0,0.0,0.0,-1,11,,0.0171609192669979,0.1005434782608696,,,,D,"above_ema60, ema60_gt_ema120, rsi_strong, breakout_20d, market_above_ma60, adx_trending, stronger_than_market, obv_uptrend, cci_momentum, mfi_strong, above_ichimoku_cloud",,,,
84,2464,盟立,,1246.750348845378,False,173.5,0.6314666077670641,79.16010967365202,50.25542014857595,2.0,0.0,0.0,-1,11,,0.2018026261913135,0.2851851851851852,,,,D,"above_ema60, ema60_gt_ema120, rsi_strong, breakout_20d, market_above_ma60, liquidity_ok, adx_trending, stronger_than_market, obv_uptrend, mfi_strong, above_ichimoku_cloud",,,,
85,2436,偉詮電,,1242.9896092200606,False,79.6,1.3225384835665484,62.55198575254164,23.57010618306296,5.0,0.0,1.0,-1,11,,0.0619411820133224,0.1453237410071941,,,,D,"above_ema60, ema60_gt_ema120, rsi_strong, market_above_ma60, liquidity_ok, foreign_buy_3d, adx_trending, stronger_than_market, obv_uptrend, mfi_strong, above_ichimoku_cloud",,,,
86,2316,楠梓電,,1238.944693710623,False,171.5,1.4753146187810855,76.91152363275178,39.148508458170525,2.0,0.0,2.0,-1,11,,0.1504303906464161,0.2338129496402878,,,,D,"above_ema60, ema60_gt_ema120, rsi_strong, breakout_20d, market_above_ma60, liquidity_ok, adx_trending, stronger_than_market, obv_uptrend, mfi_strong, above_ichimoku_cloud",,,,
87,3209,全科,,1238.0579615551492,False,80.4,1.250209926654145,75.54029592145712,53.38230716437273,1.0,0.0,1.0,-1,11,,-0.0282644487576511,0.0551181102362206,,,,D,"above_ema60, ema60_gt_ema120, rsi_strong, breakout_20d, market_above_ma60, liquidity_ok, adx_trending, obv_uptrend, cci_momentum, mfi_strong, above_ichimoku_cloud",,,,
88,3533,嘉澤,,1235.5248349401982,False,2640.0,0.4202816123417315,56.8390954502092,21.11188761939389,1.0,8.0,2.0,-1,11,,0.0521013119738702,0.1354838709677419,,,,D,"above_ema60, ema60_gt_ema120, rsi_strong, market_above_ma60, liquidity_ok, adx_trending, stronger_than_market, obv_uptrend, invest_trust_buy_2d, mfi_strong, above_ichimoku_cloud",,,,
89,2486,一詮,,1235.499940286742,False,289.0,1.3563299194162848,64.30329508842004,30.36436021264212,0.0,0.0,0.0,-1,11,,0.0657228087993688,0.1491053677932405,,,,D,"above_ema60, ema60_gt_ema120, rsi_strong, market_above_ma60, liquidity_ok, adx_trending, stronger_than_market, obv_uptrend, cci_momentum, mfi_strong, above_ichimoku_cloud",,,,
90,3338,泰碩,,1231.7397128273342,False,78.4,0.9159166666560646,61.07588426225848,39.106812959343216,1.0,0.0,0.0,-1,11,,-0.0152626679856973,0.0681198910081744,,,,D,"macd_golden_cross, above_ema60, ema60_gt_ema120, rsi_strong, market_above_ma60, liquidity_ok, hist_turn_positive, adx_trending, obv_uptrend, mfi_strong, above_ichimoku_cloud",,,,
91,3504,揚明光,,1229.9353740297015,False,80.3,0.745049683541585,64.45281827303614,38.13771109878822,4.0,0.0,0.0,-1,11,,-0.0565283390450226,0.026854219948849,,,,D,"above_ema60, ema60_gt_ema120, rsi_strong, market_above_ma60, avoid_chase, liquidity_ok, foreign_buy_3d, adx_trending, obv_uptrend, mfi_strong, above_ichimoku_cloud",,,,
92,2401,凌陽,,1229.13631772075,False,30.1,1.5506803988491236,71.57632335803946,31.326487066515742,1.0,0.0,1.0,-1,11,,0.123030266657431,0.2064128256513027,,,,D,"above_ema60, ema60_gt_ema120, volume_break, rsi_strong, market_above_ma60, liquidity_ok, adx_trending, stronger_than_market, obv_uptrend, mfi_strong, above_ichimoku_cloud",,,,
93,3528,安馳,,1228.990260555199,False,94.4,0.8904739663821468,68.16513476130228,43.0203538078797,1.0,0.0,0.0,-1,11,,0.0706516708349793,0.154034229828851,,,,D,"above_ema60, ema60_gt_ema120, rsi_strong, breakout_20d, market_above_ma60, liquidity_ok, adx_trending, stronger_than_market, obv_uptrend, mfi_strong, above_ichimoku_cloud",,,,
94,4989,榮科,,1228.736015902689,False,102.0,1.8095664842461765,58.90653042362444,33.98424393819376,0.0,0.0,0.0,-1,11,,0.0665610712203335,0.1499436302142052,,,,D,"above_ema60, ema60_gt_ema120, volume_break, rsi_strong, market_above_ma60, liquidity_ok, adx_trending, stronger_than_market, obv_uptrend, mfi_strong, above_ichimoku_cloud",,,,
95,3515,華擎,,1226.8300830754467,False,245.0,0.9818713569421742,64.17361215297726,19.48989689862464,0.0,0.0,4.0,-1,11,,0.0252147260740016,0.1085972850678733,,,,D,"macd_golden_cross, above_ema60, rsi_strong, market_above_ma60, liquidity_ok, hist_turn_positive, stronger_than_market, obv_uptrend, dealer_buy_3d, mfi_strong, above_ichimoku_cloud",,,,
96,3645,達邁,,1222.8652271788524,False,117.5,1.504299773843882,64.84957888613903,32.86555446422469,0.0,0.0,4.0,-1,11,,-0.0004332502381112,0.0829493087557604,,,,D,"above_ema60, ema60_gt_ema120, volume_break, rsi_strong, market_above_ma60, liquidity_ok, adx_trending, obv_uptrend, dealer_buy_3d, mfi_strong, above_ichimoku_cloud",,,,
97,2342,茂矽,,1222.7584804513235,False,43.35,1.734490048540101,64.67662136391834,31.300473997605597,0.0,0.0,0.0,-1,11,,0.0411310596831713,0.124513618677043,,,,D,"above_ema60, ema60_gt_ema120, volume_break, rsi_strong, market_above_ma60, liquidity_ok, adx_trending, stronger_than_market, obv_uptrend, mfi_strong, above_ichimoku_cloud",,,,
98,2338,光罩,,1222.4166206006048,False,55.4,2.014943391967992,61.93407655977493,26.730827986272985,0.0,0.0,0.0,-1,11,,0.0553635869465187,0.1387461459403904,,,,D,"above_ema60, ema60_gt_ema120, volume_break, rsi_strong, market_above_ma60, liquidity_ok, adx_trending, stronger_than_market, obv_uptrend, mfi_strong, above_ichimoku_cloud",,,,
99,3017,奇鋐,,1221.9291080979622,False,2725.0,1.051378582197029,61.17913885480454,20.73684177370536,1.0,1.0,4.0,-1,11,,0.0567848050228647,0.1401673640167364,,,,D,"above_ema60, ema60_gt_ema120, rsi_strong, market_above_ma60, liquidity_ok, adx_trending, stronger_than_market, obv_uptrend, dealer_buy_3d, mfi_strong, above_ichimoku_cloud",,,,
100,2402,毅嘉,,1215.8313090225863,False,70.1,2.5355887575218543,58.065614240967136,17.72017496957609,0.0,0.0,4.0,-1,11,,0.027552464777919,0.1109350237717907,,,,D,"above_ema60, ema60_gt_ema120, volume_break, rsi_strong, market_above_ma60, liquidity_ok, stronger_than_market, obv_uptrend, dealer_buy_3d, mfi_strong, above_ichimoku_cloud",,,,
101,4906,正文,,1214.8880047784692,False,42.85,1.6768108338211904,63.321095995963,23.69499444490749,0.0,0.0,0.0,-1,11,,0.0442490199534968,0.1276315789473685,,,,D,"above_ema60, ema60_gt_ema120, volume_break, rsi_strong, market_above_ma60, liquidity_ok, adx_trending, stronger_than_market, obv_uptrend, mfi_strong, above_ichimoku_cloud",,,,
102,2385,群光,,1210.1674438864552,False,133.0,1.0118009120169904,59.195393157344704,16.56038142872477,0.0,0.0,9.0,-1,11,,-0.0151094666243938,0.0682730923694778,,,,D,"macd_golden_cross, above_ema60, ema60_gt_ema120, rsi_strong, market_above_ma60, liquidity_ok, hist_turn_positive, obv_uptrend, dealer_buy_3d, mfi_strong, above_ichimoku_cloud",,,,
103,2485,兆赫,,1198.015694196141,False,74.6,0.7493609607605947,57.523629562641375,20.821666454773208,0.0,0.0,3.0,-1,11,,-0.0529958186623802,0.0303867403314914,,,,D,"above_ema60, ema60_gt_ema120, rsi_strong, market_above_ma60, avoid_chase, liquidity_ok, adx_trending, obv_uptrend, dealer_buy_3d, mfi_strong, above_ichimoku_cloud",,,,
104,3021,鴻名,,1157.643138709216,False,22.7,1.4417885412354774,85.96162160001292,31.041121136547066,0.0,0.0,3.0,-1,10,,0.2718413216031432,0.3552238805970149,,,,D,"above_ema60, rsi_strong, breakout_20d, market_above_ma60, adx_trending, stronger_than_market, obv_uptrend, dealer_buy_3d, mfi_strong, above_ichimoku_cloud",,,,
105,3048,益登,,1155.1682339153465,False,73.0,0.9455528007195756,85.97456793634254,53.926184623937054,1.0,0.0,0.0,-1,10,,0.2178652128421354,0.3012477718360071,,,,D,"above_ema60, ema60_gt_ema120, rsi_strong, market_above_ma60, liquidity_ok, adx_trending, stronger_than_market, obv_uptrend, mfi_strong, above_ichimoku_cloud",,,,
106,2375,凱美,,1149.8221397654756,False,134.0,1.4072964532536536,79.98721731530136,42.06772669882861,1.0,0.0,0.0,-1,10,,0.2368144853411036,0.3201970443349753,,,,D,"above_ema60, ema60_gt_ema120, rsi_strong, market_above_ma60, liquidity_ok, adx_trending, stronger_than_market, obv_uptrend, mfi_strong, above_ichimoku_cloud",,,,
107,2353,宏碁,,1142.1806865215997,False,31.9,3.5350151368284344,71.49729297817747,30.21383609774739,0.0,0.0,0.0,-1,10,,0.0661669905556778,0.1495495495495495,,,,D,"above_ema60, volume_break, rsi_strong, market_above_ma60, liquidity_ok, adx_trending, stronger_than_market, obv_uptrend, mfi_strong, above_ichimoku_cloud",,,,
108,5215,科嘉-KY,,1140.0271753420152,False,47.25,0.8692228911496854,72.80718302326358,54.67320232990545,0.0,0.0,1.0,-1,10,,-0.0333825589938716,0.05,,,,D,"above_ema60, ema60_gt_ema120, rsi_strong, breakout_20d, market_above_ma60, adx_trending, kd_golden_cross, cci_momentum, mfi_strong, above_ichimoku_cloud",,,,
109,3702,大聯大,,1135.171025359658,False,121.5,0.6674445320568693,66.45658229378338,54.85326911820001,2.0,0.0,0.0,-1,10,,0.0364331092088932,0.1198156682027649,,,,D,"above_ema60, ema60_gt_ema120, rsi_strong, market_above_ma60, liquidity_ok, adx_trending, stronger_than_market, obv_uptrend, mfi_strong, above_ichimoku_cloud",,,,
110,2478,大毅,,1134.284163487246,False,119.0,0.4661630009562101,77.8365798194425,44.38861907592874,1.0,0.0,1.0,-1,10,,0.152339144017551,0.2357217030114227,,,,D,"above_ema60, ema60_gt_ema120, rsi_strong, market_above_ma60, liquidity_ok, adx_trending, stronger_than_market, obv_uptrend, mfi_strong, above_ichimoku_cloud",,,,
111,2321,東訊,,1133.285518008406,False,14.3,2.989334497598702,54.66501348108847,9.132003734955502,0.0,0.0,0.0,-1,10,,0.0426016929746324,0.1259842519685041,,,,D,"macd_golden_cross, above_ema60, volume_break, breakout_20d, market_above_ma60, hist_turn_positive, stronger_than_market, obv_uptrend, breakout_volume_confirm, above_ichimoku_cloud",,,,
112,2324,仁寶,,1132.510177490769,False,33.6,2.810178277631588,62.71927781145575,21.883341261321878,0.0,0.0,0.0,-1,10,,0.1252505345313082,0.2086330935251799,,,,D,"above_ema60, volume_break, rsi_strong, market_above_ma60, liquidity_ok, adx_trending, stronger_than_market, obv_uptrend, mfi_strong, above_ichimoku_cloud",,,,
113,2382,廣達,,1132.3967299725466,False,316.5,1.6201106151491491,50.11000618624762,20.39594868595957,0.0,4.0,2.0,-1,10,,0.0079967513509557,0.0913793103448274,,,,D,"above_ema60, ema60_gt_ema120, volume_break, market_above_ma60, liquidity_ok, adx_trending, stronger_than_market, obv_uptrend, invest_trust_buy_2d, above_ichimoku_cloud",,,,
114,3356,奇偶,,1130.3469474355838,False,65.3,0.8828196045576276,72.24729515460731,46.56513332587885,1.0,0.0,3.0,-1,10,,-0.000463819358714,0.0829187396351576,,,,D,"above_ema60, ema60_gt_ema120, rsi_strong, market_above_ma60, liquidity_ok, adx_trending, obv_uptrend, dealer_buy_3d, mfi_strong, above_ichimoku_cloud",,,,
115,2363,矽統,,1128.6879499215802,False,67.6,1.065981653736151,66.84537896334493,44.630852093523146,0.0,0.0,0.0,-1,10,,0.0339728129069547,0.1173553719008264,,,,D,"above_ema60, ema60_gt_ema120, rsi_strong, market_above_ma60, liquidity_ok, adx_trending, stronger_than_market, obv_uptrend, mfi_strong, above_ichimoku_cloud",,,,
116,2379,瑞昱,,1127.4811993135163,False,590.0,0.6548073292895691,61.17436261516967,27.96507561370141,0.0,2.0,0.0,-1,10,,-0.0203194959308086,0.063063063063063,,,,D,"above_ema60, ema60_gt_ema120, rsi_strong, market_above_ma60, liquidity_ok, adx_trending, obv_uptrend, invest_trust_buy_2d, mfi_strong, above_ichimoku_cloud",,,,
117,2455,全新,,1127.2760814606809,False,423.5,1.0381591010159152,64.46125574810893,44.65833381727183,0.0,0.0,0.0,-1,10,,0.0223615663324989,0.1057441253263706,,,,D,"above_ema60, ema60_gt_ema120, rsi_strong, market_above_ma60, liquidity_ok, adx_trending, stronger_than_market, obv_uptrend, mfi_strong, above_ichimoku_cloud",,,,
118,4949,有成精密,,1127.0711457463583,False,105.0,1.8967904999533336,63.38488232334053,34.91371886843454,2.0,0.0,0.0,-1,10,,0.1318952187839059,0.2152777777777776,,,,D,"above_ema60, ema60_gt_ema120, volume_break, rsi_strong, market_above_ma60, liquidity_ok, adx_trending, stronger_than_market, obv_uptrend, above_ichimoku_cloud",,,,
119,3607,谷崧,,1125.0027564425975,False,15.15,0.8513757914793593,60.95603113943187,13.511464953507202,7.0,0.0,1.0,-1,10,,-0.0202246642570296,0.063157894736842,,,,D,"above_ema60, ema60_gt_ema120, rsi_strong, breakout_20d, market_above_ma60, foreign_buy_3d, obv_uptrend, bb_squeeze_breakout, mfi_strong, above_ichimoku_cloud",,,,
120,2412,中華電,,1123.5380907249044,False,136.0,1.2836903775164403,47.10985266653435,28.60084635789913,0.0,2.0,5.0,-1,10,,-0.128996594081591,-0.0456140350877193,,,,D,"above_ema60, ema60_gt_ema120, market_above_ma60, avoid_chase, liquidity_ok, adx_trending, invest_trust_buy_2d, dealer_buy_3d, mfi_strong, above_ichimoku_cloud",,,,
121,3596,智易,,1121.9373163008702,False,191.5,0.9346549428603418,65.29059324235422,23.9457825481901,5.0,0.0,1.0,-1,10,,-0.0135501567592348,0.0698324022346368,,,,D,"above_ema60, rsi_strong, breakout_20d, market_above_ma60, liquidity_ok, foreign_buy_3d, adx_trending, obv_uptrend, mfi_strong, above_ichimoku_cloud",,,,
122,3036,文曄,,1120.8312603762308,False,293.5,0.5895398047780657,69.06699876871399,42.51940124670523,2.0,0.0,0.0,-1,10,,0.0241646108174491,0.1075471698113208,,,,D,"above_ema60, ema60_gt_ema120, rsi_strong, market_above_ma60, liquidity_ok, adx_trending, stronger_than_market, obv_uptrend, mfi_strong, above_ichimoku_cloud",,,,
123,3019,亞光,,1119.2604187724166,False,153.5,0.9077677335042972,62.87912366962624,25.845412052479933,3.0,0.0,0.0,-1,10,,-0.0566267061510623,0.0267558528428093,,,,D,"above_ema60, rsi_strong, market_above_ma60, avoid_chase, liquidity_ok, foreign_buy_3d, adx_trending, obv_uptrend, mfi_strong, above_ichimoku_cloud",,,,
124,3010,華立,,1117.4566796845863,False,141.0,0.826459977960009,60.25813291637715,17.89618946291002,5.0,0.0,0.0,-1,10,,0.0629589044207623,0.146341463414634,,,,D,"above_ema60, ema60_gt_ema120, rsi_strong, market_above_ma60, liquidity_ok, foreign_buy_3d, stronger_than_market, obv_uptrend, mfi_strong, above_ichimoku_cloud",,,,
125,3413,京鼎,,1117.349370166231,False,346.0,1.3722528947340564,64.66657943977047,16.94919886708516,4.0,0.0,2.0,-1,10,,0.016776423518052,0.1001589825119237,,,,D,"above_ema60, ema60_gt_ema120, rsi_strong, market_above_ma60, liquidity_ok, foreign_buy_3d, stronger_than_market, obv_uptrend, mfi_strong, above_ichimoku_cloud",,,,
126,2440,太空梭,,1116.0892602898664,False,17.8,0.4917445353549054,55.701591421450736,30.89511238695094,5.0,0.0,0.0,-1,10,,-0.097232974506337,-0.0138504155124653,,,,D,"above_ema60, ema60_gt_ema120, rsi_strong, market_above_ma60, avoid_chase, foreign_buy_3d, adx_trending, obv_uptrend, mfi_strong, above_ichimoku_cloud",,,,
127,5234,達興材料,,1115.9573139194229,False,439.0,1.1406243436426728,56.5785434952617,17.44907481005632,4.0,0.0,0.0,-1,10,,0.0210199567293987,0.1044025157232704,,,,D,"above_ema60, ema60_gt_ema120, rsi_strong, market_above_ma60, liquidity_ok, foreign_buy_3d, stronger_than_market, obv_uptrend, mfi_strong, above_ichimoku_cloud",,,,
128,3416,融程電,,1115.8701977965711,False,188.0,1.1225902701269366,68.84351724923526,27.99784151456652,1.0,0.0,0.0,-1,10,,0.0664645358073514,0.1498470948012231,,,,D,"above_ema60, ema60_gt_ema120, rsi_strong, market_above_ma60, liquidity_ok, adx_trending, stronger_than_market, obv_uptrend, mfi_strong, above_ichimoku_cloud",,,,
129,3008,大立光,,1113.4556620195049,False,3665.0,0.5214350751108965,69.35909333571331,37.66426256154233,0.0,0.0,0.0,-1,10,,0.0057704870685353,0.089153046062407,,,,D,"above_ema60, ema60_gt_ema120, rsi_strong, market_above_ma60, liquidity_ok, adx_trending, stronger_than_market, obv_uptrend, mfi_strong, above_ichimoku_cloud",,,,
130,2337,旺宏,,1113.3401522966535,False,160.5,0.8671701874156397,55.648582871977126,16.548372988551094,3.0,1.0,1.0,-1,10,,0.0312007743394615,0.1145833333333332,,,,D,"above_ema60, ema60_gt_ema120, rsi_strong, market_above_ma60, liquidity_ok, foreign_buy_3d, stronger_than_market, obv_uptrend, mfi_strong, above_ichimoku_cloud",,,,
131,3035,智原,,1112.6997320668752,False,208.0,1.130650637791678,61.18036956456369,29.3866540021388,0.0,0.0,0.0,-1,10,,0.0200657168681972,0.1034482758620689,,,,D,"above_ema60, ema60_gt_ema120, rsi_strong, market_above_ma60, liquidity_ok, adx_trending, stronger_than_market, obv_uptrend, mfi_strong, above_ichimoku_cloud",,,,
132,4977,眾達-KY,,1112.5180592221172,False,235.5,0.6913771676431322,53.7266859908155,17.932691228324366,1.0,1.0,0.0,-1,10,,0.076715963173616,0.1600985221674877,,,,D,"macd_golden_cross, above_ema60, ema60_gt_ema120, market_above_ma60, liquidity_ok, hist_turn_positive, stronger_than_market, obv_uptrend, mfi_strong, above_ichimoku_cloud",,,,
133,2059,川湖,,1112.3364367569693,False,5035.0,0.4660176107292705,60.98013070202023,32.8684491333335,0.0,0.0,2.0,-1,10,,0.0480781151634317,0.1314606741573034,,,,D,"above_ema60, ema60_gt_ema120, rsi_strong, market_above_ma60, liquidity_ok, adx_trending, stronger_than_market, obv_uptrend, mfi_strong, above_ichimoku_cloud",,,,
134,4585,達明,,1111.9264101618414,False,360.5,1.0939568206643964,62.887928712165376,28.60662278127086,1.0,0.0,4.0,-1,10,,-0.0261978082607339,0.0571847507331377,,,,D,"above_ema60, rsi_strong, breakout_20d, market_above_ma60, liquidity_ok, adx_trending, obv_uptrend, dealer_buy_3d, mfi_strong, above_ichimoku_cloud",,,,
135,3051,力特,,1110.700593550064,False,28.2,1.0442013008199424,58.39009348596178,26.246238831690103,0.0,0.0,0.0,-1,10,,0.0401234171017457,0.1235059760956174,,,,D,"above_ema60, ema60_gt_ema120, rsi_strong, market_above_ma60, liquidity_ok, adx_trending, stronger_than_market, obv_uptrend, mfi_strong, above_ichimoku_cloud",,,,
136,3033,威健,,1109.4407900290669,False,50.3,0.710479308035762,68.73413517945838,47.60048235629312,1.0,0.0,0.0,-1,10,,-0.0526448540758388,0.0307377049180328,,,,D,"above_ema60, ema60_gt_ema120, rsi_strong, market_above_ma60, avoid_chase, liquidity_ok, adx_trending, obv_uptrend, mfi_strong, above_ichimoku_cloud",,,,
137,2345,智邦,,1107.9131799176484,False,2620.0,0.7146654705691814,62.30226431255655,29.48135014900075,2.0,1.0,2.0,-1,10,,0.0128517506295593,0.096234309623431,,,,D,"above_ema60, ema60_gt_ema120, rsi_strong, market_above_ma60, liquidity_ok, adx_trending, stronger_than_market, cci_momentum, mfi_strong, above_ichimoku_cloud",,,,
138,2408,南亞科,,1104.1860376529085,False,303.5,1.0161859197760832,57.66585519813706,16.797771330855426,1.0,0.0,1.0,-1,10,,0.0222640712429225,0.1056466302367942,,,,D,"above_ema60, ema60_gt_ema120, rsi_strong, market_above_ma60, liquidity_ok, stronger_than_market, kd_golden_cross, obv_uptrend, mfi_strong, above_ichimoku_cloud",,,,
139,4961,天鈺,,1101.7191050622578,False,174.5,0.7534813705893945,59.50693365064263,38.03152929167911,0.0,0.0,0.0,-1,10,,-0.0384723793531531,0.0449101796407185,,,,D,"above_ema60, ema60_gt_ema120, rsi_strong, market_above_ma60, avoid_chase, liquidity_ok, adx_trending, obv_uptrend, mfi_strong, above_ichimoku_cloud",,,,
140,3015,全漢,,1100.7857491552422,False,52.2,1.6157022086699129,58.8757974016195,15.00840308627349,3.0,0.0,0.0,-1,10,,-0.0537967601773037,0.0295857988165679,,,,D,"above_ema60, volume_break, rsi_strong, breakout_20d, market_above_ma60, avoid_chase, foreign_buy_3d, obv_uptrend, breakout_volume_confirm, mfi_strong",,,,
141,3031,佰鴻,,1100.772617272068,False,31.85,0.6121615769255125,56.44337528055929,21.6256210385639,1.0,0.0,0.0,-1,10,,0.0302538046424918,0.1136363636363635,,,,D,"above_ema60, ema60_gt_ema120, rsi_strong, market_above_ma60, liquidity_ok, adx_trending, stronger_than_market, obv_uptrend, mfi_strong, above_ichimoku_cloud",,,,
142,3003,健和興,,1100.76557840761,False,62.7,1.3224718715517458,67.18550077010481,28.331945780159103,1.0,0.0,0.0,-1,10,,-0.0079108608806639,0.0754716981132077,,,,D,"above_ema60, ema60_gt_ema120, rsi_strong, breakout_20d, market_above_ma60, liquidity_ok, adx_trending, obv_uptrend, mfi_strong, above_ichimoku_cloud",,,,
143,3024,憶聲,,1100.443970918063,False,16.1,0.6045485945376066,59.11724087725885,50.20800523989013,1.0,0.0,0.0,-1,10,,-0.1580952026720324,-0.0747126436781607,,,,D,"above_ema60, ema60_gt_ema120, rsi_strong, market_above_ma60, avoid_chase, liquidity_ok, adx_trending, obv_uptrend, mfi_strong, above_ichimoku_cloud",,,,
144,3059,華晶科,,1100.204666179179,False,42.45,0.8462769140875667,59.02525242751899,24.248799018450637,0.0,0.0,4.0,-1,10,,-0.0750690198014725,0.0083135391923991,,,,D,"above_ema60, rsi_strong, market_above_ma60, avoid_chase, liquidity_ok, adx_trending, obv_uptrend, dealer_buy_3d, mfi_strong, above_ichimoku_cloud",,,,
145,3094,聯傑,,1099.590105580098,False,34.95,0.6743070719953135,64.73794028604826,39.1414951390941,0.0,0.0,0.0,-1,10,,-0.0629446027894919,0.0204379562043797,,,,D,"above_ema60, ema60_gt_ema120, rsi_strong, market_above_ma60, avoid_chase, liquidity_ok, adx_trending, obv_uptrend, mfi_strong, above_ichimoku_cloud",,,,
146,3591,艾笛森,,1098.9445553072733,False,25.9,0.8465257867599487,60.39723002038023,38.23502906721631,1.0,0.0,1.0,-1,10,,-0.077557316275425,0.0058252427184466,,,,D,"above_ema60, ema60_gt_ema120, rsi_strong, market_above_ma60, avoid_chase, liquidity_ok, adx_trending, obv_uptrend, mfi_strong, above_ichimoku_cloud",,,,
147,4912,聯德控股-KY,,1096.7167415925612,False,106.5,0.6643029740939836,64.80885776140909,34.000203045126284,0.0,0.0,2.0,-1,10,,-0.0392649119350481,0.0441176470588235,,,,D,"above_ema60, ema60_gt_ema120, rsi_strong, market_above_ma60, avoid_chase, liquidity_ok, adx_trending, obv_uptrend, mfi_strong, above_ichimoku_cloud",,,,
148,2347,聯強,,1093.2558944006173,False,84.4,0.6621520819951896,56.6489195736471,17.669599177022395,4.0,0.0,0.0,-1,10,,-0.0603522559635685,0.0230303030303031,,,,D,"above_ema60, ema60_gt_ema120, rsi_strong, market_above_ma60, avoid_chase, liquidity_ok, foreign_buy_3d, obv_uptrend, mfi_strong, above_ichimoku_cloud",,,,
149,2355,敬鵬,,1087.9695433464535,False,65.1,0.8082754488098006,66.27609954922029,25.54365674512433,1.0,0.0,0.0,-1,10,,-0.0565686788676889,0.0268138801261828,,,,D,"above_ema60, ema60_gt_ema120, rsi_strong, market_above_ma60, avoid_chase, liquidity_ok, adx_trending, obv_uptrend, mfi_strong, above_ichimoku_cloud",,,,
150,2374,佳能,,1086.495588729601,False,82.4,0.8690736065049824,59.09828956842245,23.014197425014608,0.0,0.0,0.0,-1,10,,-0.052093447604635,0.0312891113892366,,,,D,"above_ema60, ema60_gt_ema120, rsi_strong, market_above_ma60, avoid_chase, liquidity_ok, adx_trending, obv_uptrend, mfi_strong, above_ichimoku_cloud",,,,
151,2397,友通,,1036.1055482570437,False,63.9,1.465818321662131,64.70236253203417,21.29665659345977,5.0,0.0,0.0,-1,9,,0.0015070844696256,0.0848896434634973,,,,D,"above_ema60, rsi_strong, market_above_ma60, foreign_buy_3d, adx_trending, stronger_than_market, obv_uptrend, mfi_strong, above_ichimoku_cloud",,,,
152,3032,偉訓,,1033.9095236798548,False,90.0,1.0576160296162342,74.5883486970765,45.69223783978076,1.0,0.0,2.0,-1,9,,0.076411255439118,0.1597938144329898,,,,D,"above_ema60, rsi_strong, market_above_ma60, liquidity_ok, adx_trending, stronger_than_market, obv_uptrend, mfi_strong, above_ichimoku_cloud",,,,
153,2364,倫飛,,1028.003230075379,False,68.6,0.6893929045555296,57.49229068305728,34.8743861975035,5.0,0.0,0.0,-1,9,,-0.0376508516767986,0.0457317073170731,,,,D,"above_ema60, rsi_strong, market_above_ma60, avoid_chase, foreign_buy_3d, adx_trending, obv_uptrend, mfi_strong, above_ichimoku_cloud",,,,
154,2392,正崴,,1026.3720205076838,False,38.7,0.6669463463731485,53.38756770311522,15.212824605146965,6.0,0.0,4.0,-1,9,,0.0448973243880526,0.1282798833819243,,,,D,"above_ema60, market_above_ma60, liquidity_ok, foreign_buy_3d, stronger_than_market, obv_uptrend, dealer_buy_3d, mfi_strong, above_ichimoku_cloud",,,,
155,2377,微星,,1024.237449188489,False,126.0,0.8101642253158495,72.58898887285937,41.46957852978505,0.0,0.0,0.0,-1,9,,0.0466622840554555,0.1300448430493272,,,,D,"above_ema60, rsi_strong, market_above_ma60, liquidity_ok, adx_trending, stronger_than_market, obv_uptrend, mfi_strong, above_ichimoku_cloud",,,,
156,2491,吉祥全,,1021.3405840965642,False,22.35,0.9146660802077756,63.97716474533955,39.06085749811295,0.0,0.0,0.0,-1,9,,0.0313306579637342,0.1147132169576059,,,,D,"above_ema60, ema60_gt_ema120, rsi_strong, market_above_ma60, adx_trending, stronger_than_market, obv_uptrend, mfi_strong, above_ichimoku_cloud",,,,
157,2383,台光電,,1020.4925169228804,False,5290.0,1.044648451380284,66.87414300043741,41.73599723900493,0.0,0.0,0.0,-1,9,,0.0831003517007258,0.1664829106945975,,,,D,"above_ema60, ema60_gt_ema120, rsi_strong, market_above_ma60, liquidity_ok, adx_trending, stronger_than_market, obv_uptrend, above_ichimoku_cloud",,,,
158,3545,敦泰,,1017.8545307866248,False,60.9,0.9290054350659082,64.08447251170585,38.34658260273255,0.0,0.0,0.0,-1,9,,0.0021789383323314,0.0855614973262031,,,,D,"above_ema60, rsi_strong, market_above_ma60, liquidity_ok, adx_trending, stronger_than_market, obv_uptrend, mfi_strong, above_ichimoku_cloud",,,,
159,2352,佳世達,,1017.3912255114736,False,28.1,1.1577102080660662,66.08543525110983,31.976730627605427,0.0,0.0,1.0,-1,9,,0.0383739280320765,0.1217564870259482,,,,D,"above_ema60, rsi_strong, market_above_ma60, liquidity_ok, adx_trending, stronger_than_market, obv_uptrend, mfi_strong, above_ichimoku_cloud",,,,
160,3592,瑞鼎,,1015.6489949598648,False,284.5,1.3033382471727268,71.12081738264571,26.46694685834986,0.0,0.0,0.0,-1,9,,0.0614866562978788,0.1448692152917505,,,,D,"above_ema60, rsi_strong, market_above_ma60, liquidity_ok, adx_trending, stronger_than_market, obv_uptrend, mfi_strong, above_ichimoku_cloud",,,,
161,2483,百容,,1014.2689806287682,False,25.8,1.424110224219802,64.04194588680356,29.9627729414195,1.0,0.0,0.0,-1,9,,0.0006510544515063,0.084033613445378,,,,D,"above_ema60, ema60_gt_ema120, rsi_strong, market_above_ma60, adx_trending, stronger_than_market, obv_uptrend, mfi_strong, above_ichimoku_cloud",,,,
162,2329,華泰,,1013.5368724685694,False,58.4,1.055018577346773,54.01757177322127,12.484786649069784,3.0,0.0,2.0,-1,9,,0.0550190004603192,0.1384015594541909,,,,D,"above_ema60, ema60_gt_ema120, market_above_ma60, liquidity_ok, foreign_buy_3d, stronger_than_market, obv_uptrend, mfi_strong, above_ichimoku_cloud",,,,
163,2426,鼎元,,1013.4853474426594,False,78.3,0.8944497125393048,65.67845396836826,37.0457728833203,0.0,0.0,1.0,-1,9,,0.1249507743394615,0.2083333333333332,,,,D,"above_ema60, ema60_gt_ema120, rsi_strong, market_above_ma60, liquidity_ok, adx_trending, stronger_than_market, mfi_strong, above_ichimoku_cloud",,,,
164,3406,玉晶光,,1012.8651062951064,False,588.0,0.5928289031070174,65.05195146305905,34.709543540443164,5.0,0.0,0.0,-1,9,,-0.0277272627640692,0.0556552962298024,,,,D,"above_ema60, ema60_gt_ema120, rsi_strong, market_above_ma60, liquidity_ok, foreign_buy_3d, adx_trending, mfi_strong, above_ichimoku_cloud",,,,
165,2409,友達,,1010.1365387878604,False,22.0,2.770100531856455,61.077587920836606,30.891282841267937,0.0,1.0,0.0,-1,9,,0.0654425062802799,0.1488250652741516,,,,D,"above_ema60, ema60_gt_ema120, volume_break, rsi_strong, market_above_ma60, liquidity_ok, adx_trending, stronger_than_market, above_ichimoku_cloud",,,,
166,3714,富采,,1009.0373343186424,False,79.4,1.0434681609759704,63.24815281627171,33.25630472187237,0.0,0.0,1.0,-1,9,,0.1034634798701044,0.1868460388639761,,,,D,"above_ema60, ema60_gt_ema120, rsi_strong, market_above_ma60, liquidity_ok, adx_trending, stronger_than_market, mfi_strong, above_ichimoku_cloud",,,,
167,3706,神達,,1008.7382224697352,False,87.4,1.1721019880642156,60.49696781155801,17.053104089471635,0.0,7.0,0.0,-1,9,,-0.0003590150037848,0.0830235439900868,,,,D,"above_ema60, ema60_gt_ema120, rsi_strong, market_above_ma60, liquidity_ok, obv_uptrend, invest_trust_buy_2d, mfi_strong, above_ichimoku_cloud",,,,
168,2489,瑞軒,,1008.0479279382054,False,51.7,2.3972078609190413,62.70749336959139,22.83579197539006,1.0,1.0,0.0,-1,9,,0.1624005735362488,0.2457831325301205,,,,D,"above_ema60, ema60_gt_ema120, volume_break, rsi_strong, market_above_ma60, liquidity_ok, adx_trending, stronger_than_market, above_ichimoku_cloud",,,,
169,3583,辛耘,,1007.357870477616,False,908.0,0.511088576939017,62.0577995973004,42.74676079763668,2.0,0.0,1.0,-1,9,,-0.0049977608941091,0.0783847980997625,,,,D,"above_ema60, ema60_gt_ema120, rsi_strong, market_above_ma60, liquidity_ok, adx_trending, obv_uptrend, mfi_strong, above_ichimoku_cloud",,,,
170,3057,喬鼎,,1006.9783026656864,False,20.0,0.4904824194970708,55.76513393874804,32.01065035926261,0.0,0.0,0.0,-1,9,,0.0006282811145295,0.0840108401084012,,,,D,"above_ema60, ema60_gt_ema120, rsi_strong, market_above_ma60, adx_trending, stronger_than_market, obv_uptrend, mfi_strong, above_ichimoku_cloud",,,,
171,2414,精技,,1004.0961183250782,False,50.5,0.8637762954666693,69.42502397235782,38.58827793646546,1.0,0.0,0.0,-1,9,,-0.0312992256605384,0.0520833333333332,,,,D,"above_ema60, ema60_gt_ema120, rsi_strong, breakout_20d, market_above_ma60, adx_trending, obv_uptrend, mfi_strong, above_ichimoku_cloud",,,,
172,3518,柏騰,,1003.7255488763344,False,36.0,0.8576572792785475,59.86013845775152,30.63456740613367,0.0,0.0,0.0,-1,9,,0.0451440867741534,0.1285266457680252,,,,D,"above_ema60, ema60_gt_ema120, rsi_strong, market_above_ma60, liquidity_ok, adx_trending, stronger_than_market, obv_uptrend, above_ichimoku_cloud",,,,
173,3030,德律,,1003.2187121598356,False,409.5,0.908420213554482,60.49962062070738,34.03786287658643,0.0,0.0,0.0,-1,9,,0.0509664714770423,0.134349030470914,,,,D,"above_ema60, ema60_gt_ema120, rsi_strong, market_above_ma60, liquidity_ok, adx_trending, stronger_than_market, mfi_strong, above_ichimoku_cloud",,,,
174,2388,威盛,,1002.9390598939704,False,78.0,1.046877827382829,53.70950686313908,35.828725944832165,0.0,0.0,0.0,-1,9,,-0.0335844432468999,0.0497981157469717,,,,D,"above_ema60, ema60_gt_ema120, market_above_ma60, avoid_chase, liquidity_ok, adx_trending, obv_uptrend, mfi_strong, above_ichimoku_cloud",,,,
175,2359,所羅門,,1002.5332597471072,False,144.0,1.1334179719714452,66.87871627771558,32.870669260113274,1.0,0.0,1.0,-1,9,,-0.016715892327205,0.0666666666666666,,,,D,"above_ema60, rsi_strong, breakout_20d, market_above_ma60, liquidity_ok, adx_trending, obv_uptrend, mfi_strong, above_ichimoku_cloud",,,,
176,2332,友訊,,998.3157425038888,False,15.5,1.639547462677892,64.35846249773132,28.34516637577492,0.0,0.0,0.0,-1,9,,0.0357510150133486,0.1191335740072203,,,,D,"above_ema60, volume_break, rsi_strong, market_above_ma60, liquidity_ok, adx_trending, stronger_than_market, obv_uptrend, mfi_strong",,,,
177,2480,敦陽科,,996.7195295989546,False,148.0,0.9185247122601936,55.81790871714665,24.84864759075693,0.0,0.0,2.0,-1,9,,-0.0731436511440424,0.0102389078498292,,,,D,"above_ema60, rsi_strong, market_above_ma60, avoid_chase, liquidity_ok, adx_trending, kd_golden_cross, obv_uptrend, above_ichimoku_cloud",,,,
178,2340,台亞,,994.515452936392,False,39.0,0.6400509755389598,58.746852221222085,21.57838317464577,1.0,0.0,0.0,-1,9,,0.0653656000635656,0.1487481590574373,,,,D,"above_ema60, ema60_gt_ema120, rsi_strong, market_above_ma60, liquidity_ok, adx_trending, stronger_than_market, obv_uptrend, above_ichimoku_cloud",,,,
179,3605,宏致,,991.8960145342328,False,81.7,0.4793157064414147,57.9012284708995,27.94111336920599,1.0,0.0,3.0,-1,9,,-0.0083825589938717,0.0749999999999999,,,,D,"above_ema60, ema60_gt_ema120, rsi_strong, market_above_ma60, liquidity_ok, adx_trending, dealer_buy_3d, mfi_strong, above_ichimoku_cloud",,,,
180,3028,增你強,,991.8830875081528,False,81.6,0.3829584085581081,66.18349505672342,51.63625809946485,1.0,0.0,1.0,-1,9,,-0.0858275467689329,-0.0024449877750611,,,,D,"above_ema60, ema60_gt_ema120, rsi_strong, market_above_ma60, avoid_chase, liquidity_ok, adx_trending, mfi_strong, above_ichimoku_cloud",,,,
181,2328,廣宇,,991.609316780691,False,54.5,0.7983065195973826,59.480738758248826,24.256997602681384,0.0,0.0,0.0,-1,9,,-0.0063074601796424,0.0770750988142292,,,,D,"above_ema60, ema60_gt_ema120, rsi_strong, market_above_ma60, liquidity_ok, adx_trending, obv_uptrend, mfi_strong, above_ichimoku_cloud",,,,
182,3380,明泰,,987.7441939099748,False,35.4,1.3364901583275028,55.9837161066004,20.15792978411556,0.0,0.0,0.0,-1,9,,0.042213625425842,0.1255961844197137,,,,D,"above_ema60, ema60_gt_ema120, rsi_strong, market_above_ma60, liquidity_ok, adx_trending, stronger_than_market, obv_uptrend, mfi_strong",,,,
183,2313,華通,,986.1070215751516,False,284.5,1.0098942795693877,59.05373308859711,18.21352217884474,0.0,0.0,0.0,-1,9,,0.0279455660061282,0.111328125,,,,D,"above_ema60, ema60_gt_ema120, rsi_strong, market_above_ma60, liquidity_ok, stronger_than_market, obv_uptrend, mfi_strong, above_ichimoku_cloud",,,,
184,2349,錸德,,985.4648944760846,False,13.5,2.968665317371088,55.66840354432026,19.360399640785342,0.0,0.0,0.0,-1,9,,0.0141784166158842,0.0975609756097559,,,,D,"above_ema60, ema60_gt_ema120, volume_break, rsi_strong, market_above_ma60, liquidity_ok, stronger_than_market, obv_uptrend, mfi_strong",,,,
185,2488,漢平,,985.2819664698166,False,53.2,1.075138426197376,60.41114137732588,20.1661354045273,1.0,0.0,0.0,-1,9,,-0.0563555319668445,0.0270270270270271,,,,D,"above_ema60, ema60_gt_ema120, rsi_strong, market_above_ma60, avoid_chase, adx_trending, obv_uptrend, mfi_strong, above_ichimoku_cloud",,,,
186,3006,晶豪科,,983.7535409533396,False,231.5,0.7335840953897076,60.62174086177771,41.66273555984661,1.0,0.0,1.0,-1,9,,-0.1024503556040411,-0.0190677966101694,,,,D,"above_ema60, ema60_gt_ema120, rsi_strong, market_above_ma60, avoid_chase, liquidity_ok, adx_trending, mfi_strong, above_ichimoku_cloud",,,,
187,3679,新至陞,,983.2396969902408,False,121.0,1.3205332686106583,57.50672934358651,15.830247322165423,1.0,0.0,0.0,-1,9,,-0.0579588301803124,0.0254237288135592,,,,D,"above_ema60, ema60_gt_ema120, rsi_strong, market_above_ma60, avoid_chase, obv_uptrend, cci_momentum, mfi_strong, above_ichimoku_cloud",,,,
188,3661,世芯-KY,,982.3267300968158,False,4640.0,0.803125392417899,55.362722378714366,32.89332575148231,0.0,0.0,0.0,-1,9,,-0.0359784957884541,0.0474040632054175,,,,D,"above_ema60, ema60_gt_ema120, rsi_strong, market_above_ma60, avoid_chase, liquidity_ok, adx_trending, mfi_strong, above_ichimoku_cloud",,,,
189,2498,宏達電,,982.2899878347336,False,44.35,0.8975316672232606,56.2359554001605,24.50068171687176,0.0,0.0,0.0,-1,9,,-0.1118601055437074,-0.0284775465498356,,,,D,"above_ema60, rsi_strong, market_above_ma60, avoid_chase, liquidity_ok, adx_trending, obv_uptrend, mfi_strong, above_ichimoku_cloud",,,,
190,3563,牧德,,981.5918117719932,False,890.0,0.6679909875031209,55.32469481379313,33.912525908893286,1.0,0.0,0.0,-1,9,,-0.0400062401193113,0.0433763188745603,,,,D,"above_ema60, ema60_gt_ema120, rsi_strong, market_above_ma60, avoid_chase, liquidity_ok, adx_trending, mfi_strong, above_ichimoku_cloud",,,,
191,2330,台積電,,980.8731087572346,False,2270.0,0.8230031569969555,58.27088182430671,28.033487281663447,0.0,0.0,4.0,-1,9,,-0.0539041009439851,0.0294784580498865,,,,D,"above_ema60, ema60_gt_ema120, rsi_strong, market_above_ma60, avoid_chase, liquidity_ok, adx_trending, dealer_buy_3d, above_ichimoku_cloud",,,,
192,1582,信錦,,970.068152205528,False,111.5,0.9845507076913422,59.70315158205372,28.261755728856595,1.0,0.0,0.0,-1,9,,-0.1303911060024187,-0.047008547008547,,,,D,"above_ema60, ema60_gt_ema120, rsi_strong, market_above_ma60, avoid_chase, liquidity_ok, adx_trending, mfi_strong, above_ichimoku_cloud",,,,
193,2420,新巨,,917.5399963285042,False,62.7,1.3144519375244854,68.76197262971775,47.00017467389445,0.0,0.0,0.0,-1,8,,-0.0260469772063505,0.0573355817875211,,,,D,"above_ema60, ema60_gt_ema120, rsi_strong, market_above_ma60, adx_trending, obv_uptrend, mfi_strong, above_ichimoku_cloud",,,,
194,3045,台灣大,,903.8655250474892,False,110.5,1.7716472519190758,44.09633165127666,29.637523019960213,0.0,6.0,1.0,-1,8,,-0.1348847049166185,-0.0515021459227468,,,,D,"ema60_gt_ema120, volume_break, market_above_ma60, avoid_chase, liquidity_ok, adx_trending, invest_trust_buy_2d, above_ichimoku_cloud",,,,
195,3046,建碁,,901.0471962959796,False,53.8,1.236188840569367,70.68451668218977,30.277532043641365,1.0,0.0,0.0,-1,8,,-0.0159222415335542,0.0674603174603174,,,,D,"above_ema60, ema60_gt_ema120, rsi_strong, market_above_ma60, adx_trending, obv_uptrend, mfi_strong, above_ichimoku_cloud",,,,
196,3530,晶相光,,896.3270462143731,False,70.7,0.8964553740334457,60.39042412407634,26.76392248744741,0.0,0.0,0.0,-1,8,,0.0059856998659124,0.0893682588597841,,,,D,"above_ema60, ema60_gt_ema120, rsi_strong, market_above_ma60, adx_trending, stronger_than_market, obv_uptrend, above_ichimoku_cloud",,,,
197,3694,海華,,895.5911688959786,False,70.2,1.0499819556307552,67.76209492550686,25.096271905724837,2.0,0.0,0.0,-1,8,,-4.9225660538221305e-05,0.0833333333333334,,,,D,"above_ema60, rsi_strong, market_above_ma60, liquidity_ok, adx_trending, obv_uptrend, mfi_strong, above_ichimoku_cloud",,,,
198,2425,承啟,,895.336520913923,False,34.9,0.775054602199029,63.40798725008199,28.539615406704453,0.0,0.0,0.0,-1,8,,-0.0095364051477178,0.0738461538461539,,,,D,"above_ema60, ema60_gt_ema120, rsi_strong, market_above_ma60, adx_trending, obv_uptrend, mfi_strong, above_ichimoku_cloud",,,,
199,2405,輔信,,891.2301966606091,False,16.65,1.6332886506666344,62.23876544916051,17.235566053329865,0.0,0.0,0.0,-1,8,,0.0266174410061281,0.1099999999999998,,,,D,"above_ema60, volume_break, rsi_strong, market_above_ma60, stronger_than_market, obv_uptrend, mfi_strong, above_ichimoku_cloud",,,,
200,2365,昆盈,,890.9202160848267,False,38.15,0.7130999942156725,58.31080247637679,25.71185140049525,0.0,0.0,0.0,-1,8,,-0.0192263525782512,0.0641562064156204,,,,D,"above_ema60, rsi_strong, market_above_ma60, liquidity_ok, adx_trending, obv_uptrend, mfi_strong, above_ichimoku_cloud",,,,
201,2417,圓剛,,889.1214236862745,False,51.0,0.9121704581596378,59.56959933791857,34.82733670619288,0.0,0.0,0.0,-1,8,,0.0017238239848516,0.0851063829787233,,,,D,"above_ema60, ema60_gt_ema120, rsi_strong, market_above_ma60, liquidity_ok, adx_trending, stronger_than_market, above_ichimoku_cloud",,,,
202,4976,佳凌,,886.4699861903003,False,32.2,1.5384375539152613,60.94373558281985,29.8784120050804,1.0,0.0,2.0,-1,8,,-0.0379280135393262,0.0454545454545454,,,,D,"above_ema60, volume_break, rsi_strong, market_above_ma60, avoid_chase, adx_trending, mfi_strong, above_ichimoku_cloud",,,,
203,3231,緯創,,869.1646239543181,False,146.0,0.7802356962366873,58.74375134243956,14.511843646055413,0.0,0.0,0.0,-1,8,,0.0185042334589584,0.1018867924528301,,,,D,"above_ema60, ema60_gt_ema120, rsi_strong, market_above_ma60, liquidity_ok, stronger_than_market, obv_uptrend, above_ichimoku_cloud",,,,
204,2413,環科,,852.3639025025584,False,51.5,1.448116314845141,60.57849828151026,18.11789215039102,0.0,0.0,1.0,-1,8,,-0.0523515279628408,0.0310310310310308,,,,D,"above_ema60, ema60_gt_ema120, rsi_strong, market_above_ma60, avoid_chase, liquidity_ok, obv_uptrend, mfi_strong",,,,
205,3576,聯合再生,,848.9241640305137,False,18.9,1.4397458152346905,55.41439990776311,19.683143595735864,0.0,0.0,0.0,-1,8,,-0.10156437717569,-0.0181818181818183,,,,D,"above_ema60, ema60_gt_ema120, rsi_strong, market_above_ma60, avoid_chase, liquidity_ok, obv_uptrend, mfi_strong",,,,
206,3138,耀登,,843.4584546842976,False,172.5,0.9464041590553556,55.4499997917612,14.039255819478631,0.0,0.0,0.0,-1,8,,-0.0504484272573446,0.032934131736527,,,,D,"above_ema60, ema60_gt_ema120, rsi_strong, market_above_ma60, avoid_chase, liquidity_ok, obv_uptrend, mfi_strong",,,,
207,3005,神基,,804.1042377509982,False,104.0,0.9859767973040204,56.725493167781,26.99896933216746,6.0,0.0,2.0,-1,7,,-0.0275449955420949,0.0558375634517767,,,,D,"rsi_strong, market_above_ma60, liquidity_ok, foreign_buy_3d, adx_trending, obv_uptrend, mfi_strong",,,,
208,2331,精英,,803.7250780087857,False,21.15,1.8107687957615344,53.76203859443908,27.346147269818704,0.0,0.0,3.0,-1,7,,0.032712427813516,0.1160949868073877,,,,D,"volume_break, market_above_ma60, liquidity_ok, adx_trending, stronger_than_market, obv_uptrend, dealer_buy_3d",,,,
209,2438,翔耀,,798.2842253539835,False,23.0,1.9051877841413989,57.99654888653559,16.33503759209522,3.0,0.0,0.0,-1,7,,-0.0210269007952572,0.0623556581986144,,,,D,"above_ema60, volume_break, rsi_strong, market_above_ma60, foreign_buy_3d, obv_uptrend, above_ichimoku_cloud",,,,
210,2314,台揚,,797.4148811038008,False,16.35,0.8623335357609687,61.15544336939063,19.197470818510595,2.0,0.0,0.0,-1,7,,0.145940749276805,0.2293233082706767,,,,D,"above_ema60, rsi_strong, market_above_ma60, stronger_than_market, kd_golden_cross, obv_uptrend, mfi_strong",,,,
211,2387,精元,,796.658875260658,False,41.4,2.305393991280734,59.75455649455317,18.849196469169875,5.0,0.0,2.0,-1,7,,-0.0024426112131927,0.0809399477806789,,,,D,"above_ema60, volume_break, rsi_strong, market_above_ma60, foreign_buy_3d, obv_uptrend, mfi_strong",,,,
212,3041,揚智,,792.7479356772495,False,26.4,1.1259131126418085,61.79596859448006,19.037586766008104,0.0,0.0,0.0,-1,7,,0.0745121778482333,0.1578947368421051,,,,D,"above_ema60, rsi_strong, market_above_ma60, stronger_than_market, obv_uptrend, mfi_strong, above_ichimoku_cloud",,,,
213,3038,全台,,792.007488687566,False,23.45,1.2217492005968074,59.95168749901544,16.779046231778736,5.0,0.0,0.0,-1,7,,-0.0198904955018082,0.0634920634920634,,,,D,"above_ema60, ema60_gt_ema120, rsi_strong, market_above_ma60, foreign_buy_3d, obv_uptrend, above_ichimoku_cloud",,,,
214,3665,貿聯-KY,,785.4693612934025,False,2265.0,0.4354449357386922,47.213817051565634,30.634072358015835,0.0,0.0,2.0,-1,7,,0.0548083957799976,0.1381909547738693,,,,D,"above_ema60, ema60_gt_ema120, market_above_ma60, liquidity_ok, adx_trending, stronger_than_market, above_ichimoku_cloud",,,,
215,2434,統懋,,785.2502331823341,False,30.2,0.9362243934986854,48.84089184010666,18.222900665129053,8.0,0.0,0.0,-1,7,,-0.0733491141778182,0.0100334448160535,,,,D,"above_ema60, ema60_gt_ema120, market_above_ma60, avoid_chase, foreign_buy_3d, obv_uptrend, above_ichimoku_cloud",,,,
216,4968,立積,,783.5323296085248,False,119.0,0.914493013103525,54.91652851890249,19.54383719505856,0.0,0.0,1.0,-1,7,,-0.0015643771756899,0.0818181818181817,,,,D,"macd_golden_cross, above_ema60, market_above_ma60, liquidity_ok, hist_turn_positive, mfi_strong, above_ichimoku_cloud",,,,
217,2362,藍天,,778.7710445082021,False,41.7,1.822781030280148,64.82772323999633,15.710283879106813,1.0,0.0,0.0,-1,7,,-0.0016704967370622,0.0817120622568094,,,,D,"above_ema60, volume_break, rsi_strong, market_above_ma60, obv_uptrend, mfi_strong, above_ichimoku_cloud",,,,
218,4938,和碩,,774.7118590019508,False,81.4,0.6778767701473787,54.749890588154734,20.41959167320616,0.0,0.0,0.0,-1,7,,-0.0248650037272917,0.0585175552665799,,,,D,"above_ema60, ema60_gt_ema120, market_above_ma60, liquidity_ok, adx_trending, obv_uptrend, above_ichimoku_cloud",,,,
219,2373,震旦行,,771.3510413212153,False,57.2,0.5784448581803774,55.95389027189872,21.944064325073285,0.0,0.0,0.0,-1,7,,-0.0637747158566168,0.0196078431372548,,,,D,"above_ema60, rsi_strong, market_above_ma60, avoid_chase, adx_trending, obv_uptrend, above_ichimoku_cloud",,,,
220,3376,新日興,,766.4541674462552,False,219.0,0.9144330353023536,59.12960932101924,13.557628444941551,0.0,0.0,2.0,-1,7,,-0.0124779135170991,0.0709046454767725,,,,D,"above_ema60, rsi_strong, market_above_ma60, liquidity_ok, obv_uptrend, mfi_strong, above_ichimoku_cloud",,,,
221,3054,立萬利,,764.5172785085889,False,68.3,0.32920717437659,50.16826142607355,11.391257226143717,3.0,0.0,1.0,-1,7,,-0.051660504613207,0.0317220543806646,,,,D,"above_ema60, ema60_gt_ema120, market_above_ma60, avoid_chase, foreign_buy_3d, obv_uptrend, mfi_strong",,,,
222,2459,敦吉,,762.0666697439148,False,67.0,1.9433634410191765,54.834730976166064,14.60971785943392,1.0,0.0,0.0,-1,7,,-0.069766825257109,0.0136157337367626,,,,D,"above_ema60, ema60_gt_ema120, volume_break, market_above_ma60, avoid_chase, obv_uptrend, above_ichimoku_cloud",,,,
223,4960,誠美材,,760.1727226728764,False,34.25,0.7840819377778554,48.47625520659246,26.53846599622162,0.0,0.0,1.0,-1,7,,-0.0920656270112377,-0.008683068017366,,,,D,"above_ema60, ema60_gt_ema120, market_above_ma60, avoid_chase, liquidity_ok, adx_trending, above_ichimoku_cloud",,,,
224,3550,聯穎,,759.7073236789157,False,20.4,0.5397259984393811,49.1348176727094,26.907578853168225,0.0,0.0,0.0,-1,7,,-0.0759751515864644,0.0074074074074073,,,,D,"above_ema60, ema60_gt_ema120, market_above_ma60, avoid_chase, liquidity_ok, adx_trending, above_ichimoku_cloud",,,,
225,2419,仲琦,,748.9309121142936,False,31.05,1.3236968216454847,49.590499696425766,15.876053617823915,0.0,0.0,0.0,-1,7,,-0.0518210971998518,0.0315614617940198,,,,D,"above_ema60, ema60_gt_ema120, market_above_ma60, avoid_chase, liquidity_ok, obv_uptrend, mfi_strong",,,,
226,3535,晶彩科,,748.2833953562603,False,128.5,0.6069220482800793,52.19033870427683,18.203945924361737,0.0,0.0,0.0,-1,7,,-0.1098977105090232,-0.0265151515151514,,,,D,"above_ema60, ema60_gt_ema120, market_above_ma60, avoid_chase, liquidity_ok, obv_uptrend, above_ichimoku_cloud",,,,
227,2430,燦坤,,743.921663908457,False,18.8,1.2150910492971587,31.115603233191138,66.52774209724178,8.0,0.0,0.0,-1,6,,-0.0475698868175631,0.0358126721763085,,,,D,"macd_golden_cross, market_above_ma60, avoid_chase, hist_turn_positive, foreign_buy_3d, adx_trending",,,,
228,3150,鈺寶-創,,696.8061718616373,False,19.45,0.7755153094403546,53.46130680773851,30.22674023135912,1.0,0.0,2.0,-1,6,,-0.0117572146412545,0.0716253443526171,,,,D,"above_ema60, market_above_ma60, adx_trending, obv_uptrend, mfi_strong, above_ichimoku_cloud",,,,
229,2429,銘旺科,,681.5086222794693,False,51.2,2.3458282791490275,52.990958447940926,18.26674241657054,1.0,0.0,1.0,-1,6,,-0.052164029285916,0.0312185297079556,,,,D,"volume_break, market_above_ma60, avoid_chase, kd_golden_cross, williams_r_recovery, mfi_strong",,,,
230,2390,云辰,,676.5939532521958,False,10.5,1.0291264181495197,61.52276211210592,28.79417077653932,1.0,0.0,0.0,-1,6,,-0.0249148170583877,0.0584677419354839,,,,D,"above_ema60, rsi_strong, market_above_ma60, adx_trending, obv_uptrend, mfi_strong",,,,
231,3494,誠研,,672.1475843168439,False,8.12,1.965991306022966,57.82406066973235,13.84305495573794,0.0,0.0,0.0,-1,6,,-0.0135538369912366,0.069828722002635,,,,D,"volume_break, rsi_strong, market_above_ma60, obv_uptrend, cci_momentum, mfi_strong",,,,
232,4545,銘鈺,,671.8582842502742,False,33.2,0.957147576312579,61.40316386682756,25.060676469206463,1.0,0.0,1.0,-1,6,,-0.0277386798205807,0.0556438791732909,,,,D,"above_ema60, rsi_strong, market_above_ma60, adx_trending, obv_uptrend, mfi_strong",,,,
233,4967,十銓,,666.8126404817094,False,271.0,0.3667072603472136,52.36666507063388,31.241105331022556,0.0,0.0,0.0,-1,6,,-0.0309553745278523,0.0524271844660193,,,,D,"above_ema60, ema60_gt_ema120, market_above_ma60, liquidity_ok, adx_trending, above_ichimoku_cloud",,,,
234,4904,遠傳,,665.6828816113746,False,94.0,1.4935718221861882,42.85906268934088,13.167051941961018,0.0,5.0,8.0,-1,6,,-0.1241988855244839,-0.0408163265306122,,,,D,"ema60_gt_ema120, market_above_ma60, avoid_chase, liquidity_ok, invest_trust_buy_2d, dealer_buy_3d",,,,
235,5203,訊連,,662.3275636626083,False,65.7,0.9787056777610216,56.27872719365591,13.860129244012557,1.0,0.0,0.0,-1,6,,-0.0631962235901451,0.0201863354037266,,,,D,"rsi_strong, market_above_ma60, avoid_chase, kd_golden_cross, obv_uptrend, mfi_strong",,,,
236,2393,億光,,660.7214814380214,False,64.6,0.8003520430092855,40.14074913380932,27.53057588167473,0.0,0.0,0.0,-1,6,,-0.0481261487374615,0.0352564102564101,,,,D,"ema60_gt_ema120, market_above_ma60, avoid_chase, liquidity_ok, adx_trending, obv_uptrend",,,,
237,3308,聯德,,657.1908549381168,False,20.3,1.2791315818408802,46.55724018125953,13.098619761363285,0.0,0.0,1.0,-1,6,,-0.036990806416552,0.0463917525773196,,,,D,"macd_golden_cross, ema60_gt_ema120, market_above_ma60, avoid_chase, hist_turn_positive, mfi_strong",,,,
238,2367,燿華,,650.938225938697,False,66.7,1.0097609355169284,53.481728328330895,18.807624457638298,0.0,0.0,0.0,-1,6,,-0.029670078741107,0.0537124802527646,,,,D,"above_ema60, ema60_gt_ema120, market_above_ma60, liquidity_ok, obv_uptrend, mfi_strong",,,,
239,3432,台端,,650.5724018534844,False,19.35,0.2761204120721141,51.139082597188775,21.663592449631174,0.0,0.0,0.0,-1,6,,-0.0885239471686788,-0.0051413881748071,,,,D,"above_ema60, ema60_gt_ema120, market_above_ma60, avoid_chase, adx_trending, above_ichimoku_cloud",,,,
240,4934,太極,,648.451895363118,False,17.65,1.2586126511000002,53.701047406907904,15.38049533974046,0.0,0.0,0.0,-1,6,,-0.0451472648762247,0.0382352941176469,,,,D,"above_ema60, ema60_gt_ema120, market_above_ma60, avoid_chase, obv_uptrend, mfi_strong",,,,
241,2460,建通,,646.8215453729051,False,32.55,0.5374853559544517,49.19813977477734,15.458024635824694,1.0,0.0,0.0,-1,6,,-0.040113328224641,0.0432692307692306,,,,D,"above_ema60, ema60_gt_ema120, market_above_ma60, avoid_chase, mfi_strong, above_ichimoku_cloud",,,,
242,3437,榮創,,635.1154478410713,False,24.65,0.5624698109531334,49.58695365338113,16.38867641282018,0.0,0.0,0.0,-1,6,,-0.0689792668128017,0.0144032921810699,,,,D,"above_ema60, ema60_gt_ema120, market_above_ma60, avoid_chase, liquidity_ok, above_ichimoku_cloud",,,,
243,3027,盛達,,576.6616528236696,False,19.0,1.3146059643376131,55.00151322161568,23.591740817572333,0.0,0.0,1.0,-1,5,,-0.0007614763727892,0.0826210826210824,,,,D,"rsi_strong, market_above_ma60, adx_trending, obv_uptrend, mfi_strong",,,,
244,3653,健策,,571.4498019490513,False,3670.0,0.4814736688806,45.71882531180516,31.203094622415783,0.0,0.0,2.0,-1,5,,0.1043197063782965,0.1877022653721682,,,,D,"ema60_gt_ema120, market_above_ma60, liquidity_ok, adx_trending, stronger_than_market",,,,
245,2474,可成,,570.2528783535828,False,195.0,2.45297724215093,48.098757817912535,23.08310096189544,1.0,0.0,1.0,-1,5,,-0.0235999502982195,0.0597826086956521,,,,D,"volume_break, market_above_ma60, liquidity_ok, adx_trending, mfi_strong",,,,
246,3050,鈺德,,569.8175222585287,False,12.35,1.949594053290308,48.37910998929198,24.44042834231246,0.0,0.0,1.0,-1,5,,-0.0411884661668675,0.0421940928270041,,,,D,"volume_break, market_above_ma60, avoid_chase, adx_trending, obv_uptrend",,,,
247,3130,一零四,,569.2198580867324,False,221.5,0.7048278226115242,49.3682958107053,25.735060985229534,0.0,0.0,0.0,-1,5,,-0.0856348112461239,-0.0022522522522522,,,,D,"market_above_ma60, avoid_chase, adx_trending, kd_golden_cross, mfi_strong",,,,
248,2457,飛宏,,552.9217015029952,False,25.95,1.341310818648806,54.69297043148268,14.946641315686389,1.0,0.0,0.0,-1,5,,-0.0043804799917928,0.0790020790020789,,,,D,"above_ema60, market_above_ma60, liquidity_ok, obv_uptrend, mfi_strong",,,,
249,3701,大眾控,,536.7260935679251,False,57.1,0.5059577393648632,45.21848383635013,20.617203517904947,0.0,0.0,1.0,-1,5,,-0.0395068734362848,0.0438756855575868,,,,D,"ema60_gt_ema120, market_above_ma60, avoid_chase, liquidity_ok, adx_trending",,,,
250,3593,力銘,,534.2625820777481,False,17.4,1.0065273422597725,46.68907402738356,18.481510500483477,2.0,0.0,0.0,-1,5,,-0.1428420184533312,-0.0594594594594595,,,,D,"above_ema60, ema60_gt_ema120, market_above_ma60, avoid_chase, above_ichimoku_cloud",,,,
251,4942,嘉彰,,528.1230120057363,False,38.05,0.3663698730112392,56.04406173685071,14.40083004457626,1.0,0.0,0.0,-1,5,,-0.0494151676895238,0.0339673913043478,,,,D,"above_ema60, rsi_strong, market_above_ma60, avoid_chase, obv_uptrend",,,,
252,2380,虹光,,521.9157414214875,False,5.74,0.6743868578063347,49.70716208972524,12.683751447318793,0.0,0.0,0.0,-1,5,,-0.1251187860389467,-0.041736227045075,,,,D,"above_ema60, ema60_gt_ema120, market_above_ma60, avoid_chase, obv_uptrend",,,,
253,4582,聚恆-創,,518.1558892149519,False,22.45,1.619874010774009,28.225790972947195,25.35771030254908,2.0,0.0,0.0,-1,5,,-0.3840056119533733,-0.3006230529595016,,,,D,"ema60_gt_ema120, volume_break, market_above_ma60, avoid_chase, adx_trending",,,,
254,3049,精金,,514.2652531568008,False,12.15,1.1423106620756514,46.66765518985606,9.079562099296991,0.0,0.0,0.0,-1,5,,-0.0623741556325272,0.0210084033613444,,,,D,"above_ema60, ema60_gt_ema120, market_above_ma60, avoid_chase, liquidity_ok",,,,
255,5225,東科-KY,,494.02613145128976,False,71.3,0.6793415432445598,33.91420984071654,49.43622014518165,5.0,0.0,0.0,-1,4,,-0.0720350412633752,0.0113475177304964,,,,D,"market_above_ma60, avoid_chase, foreign_buy_3d, adx_trending",,,,
256,3047,訊舟,,475.7673300948778,False,15.1,1.2179100688353883,51.58678042959277,25.212704387183184,0.0,0.0,1.0,-1,4,,-0.0162447498065925,0.0671378091872791,,,,D,"market_above_ma60, adx_trending, obv_uptrend, mfi_strong",,,,
257,2427,三商電,,458.9338055217189,False,20.5,0.7724624112097251,34.79434694901268,33.31286940777425,0.0,0.0,0.0,-1,4,,-0.0710368799815259,0.0123456790123457,,,,D,"market_above_ma60, avoid_chase, adx_trending, mfi_strong",,,,
258,4943,康控-KY,,456.9649050594488,False,8.94,0.8048422193434767,41.82351376774816,17.92140543206784,0.0,0.0,0.0,-1,4,,-0.0900492256605384,-0.0066666666666667,,,,D,"market_above_ma60, avoid_chase, kd_golden_cross, above_ichimoku_cloud",,,,
259,2442,新美齊,,449.4618285896667,False,18.5,0.7215487040060006,45.09888083735879,19.21473443529527,1.0,0.0,0.0,-1,4,,-0.0696839288568853,0.0136986301369863,,,,D,"market_above_ma60, avoid_chase, kd_golden_cross, mfi_strong",,,,
260,2477,美隆電,,448.0302891854226,False,20.9,0.8733853761804741,40.061915799854525,20.931528305973337,1.0,0.0,0.0,-1,4,,-0.0663509288235555,0.0170316301703161,,,,D,"market_above_ma60, avoid_chase, adx_trending, mfi_strong",,,,
261,3669,圓展,,440.4745476120127,False,38.85,0.631080508099945,53.64329857326151,16.643687803697446,0.0,0.0,0.0,-1,4,,-0.0247994527268418,0.0585831062670298,,,,D,"above_ema60, ema60_gt_ema120, market_above_ma60, above_ichimoku_cloud",,,,
262,3419,譁裕,,440.1072999170387,False,13.85,0.9692787734239112,37.12355994197371,23.752768082186734,0.0,0.0,0.0,-1,4,,-0.0833825589938717,0.0,,,,D,"ema60_gt_ema120, market_above_ma60, avoid_chase, adx_trending",,,,
263,2432,倚天,,436.786872494132,False,26.2,0.8392615238842541,42.3472906144321,21.34937139222452,1.0,0.0,0.0,-1,4,,-0.0795511413693508,0.0038314176245208,,,,D,"ema60_gt_ema120, market_above_ma60, avoid_chase, adx_trending",,,,
264,3018,隆銘綠能,,435.3770203490441,False,9.53,0.9083569538761572,46.4810078200389,7.158588430099752,0.0,0.0,0.0,-1,4,,-0.0586513761981728,0.0247311827956988,,,,D,"macd_golden_cross, market_above_ma60, avoid_chase, hist_turn_positive",,,,
265,2323,中環,,432.6662434023902,False,10.2,1.5660227639245516,48.43163811132313,17.40776372602391,0.0,0.0,0.0,-1,4,,-0.0040174796287923,0.0793650793650793,,,,D,"ema60_gt_ema120, volume_break, market_above_ma60, liquidity_ok",,,,
266,2450,神腦,,430.8685428273403,False,29.15,1.2795029432810263,39.98362825819561,16.239947988075297,0.0,0.0,0.0,-1,4,,-0.0816643459354524,0.0017182130584192,,,,D,"ema60_gt_ema120, market_above_ma60, avoid_chase, mfi_strong",,,,
267,2072,世紀風電,,429.6045494957697,False,166.5,0.622575107414591,36.78832567133881,21.301581541641344,1.0,0.0,2.0,-1,4,,-0.1292278312001754,-0.0458452722063037,,,,D,"market_above_ma60, avoid_chase, liquidity_ok, adx_trending",,,,
268,3060,銘異,,429.48692303918665,False,28.35,0.750787637551712,49.85628042167635,9.335994151841778,0.0,0.0,0.0,-1,4,,-0.0235694748817221,0.0598130841121495,,,,D,"ema60_gt_ema120, market_above_ma60, liquidity_ok, obv_uptrend",,,,
269,2461,光群雷,,427.5966409402864,False,16.1,1.074539883517886,43.713125347387816,15.189498004494672,0.0,0.0,0.0,-1,4,,-0.0833825589938717,0.0,,,,D,"ema60_gt_ema120, market_above_ma60, avoid_chase, mfi_strong",,,,
270,2424,隴華,,408.762916721227,False,12.35,1.6889348830996658,28.41564147508744,18.307061884855628,1.0,0.0,0.0,-1,4,,-0.4643349399462526,-0.3809523809523809,,,,D,"volume_break, market_above_ma60, avoid_chase, kd_golden_cross",,,,
271,3501,維熹,,353.9577386906678,False,40.2,0.6523202744909187,27.508876973993324,39.64071637344762,1.0,0.0,1.0,-1,3,,-0.0720618042768905,0.0113207547169811,,,,D,"market_above_ma60, avoid_chase, adx_trending",,,,
272,3043,科風,,349.3570661030339,False,20.7,0.6852350944227832,52.10569113574144,20.499459607811552,0.0,0.0,0.0,-1,3,,-0.0299474444900549,0.0534351145038167,,,,D,"market_above_ma60, adx_trending, mfi_strong",,,,
273,2431,聯昌,,348.83348663030813,False,10.3,1.2485196528347775,39.2273867992087,27.70634798154556,0.0,0.0,0.0,-1,3,,-0.0635805787958518,0.0198019801980198,,,,D,"market_above_ma60, avoid_chase, adx_trending",,,,
274,3002,歐格,,345.22465242387995,False,17.1,1.2044424658596733,41.997950328915,22.882120028306748,0.0,0.0,0.0,-1,3,,-0.0470189226302353,0.0363636363636363,,,,D,"market_above_ma60, avoid_chase, adx_trending",,,,
275,4588,玖鼎電力,,343.7446850607073,False,55.3,1.3938038311310914,40.52124489004126,20.54750005138096,0.0,0.0,0.0,-1,3,,-0.0574085330198457,0.0259740259740259,,,,D,"market_above_ma60, avoid_chase, adx_trending",,,,
276,3296,勝德,,342.860455960996,False,19.9,1.102742743887684,43.68089276240262,22.85765974284312,0.0,0.0,0.0,-1,3,,-0.0602463122072394,0.0231362467866322,,,,D,"market_above_ma60, avoid_chase, adx_trending",,,,
277,2466,冠西電,,337.3334762997148,False,48.65,0.5149643353201511,42.64519876438138,22.01145054802812,1.0,0.0,0.0,-1,3,,-0.0482761760151482,0.0351063829787234,,,,D,"market_above_ma60, avoid_chase, adx_trending",,,,
278,4935,茂林-KY,,335.04753840566167,False,37.15,1.101544068082238,51.66085345319875,14.746044231961244,1.0,0.0,0.0,-1,3,,-0.0571394650712198,0.0262430939226518,,,,D,"market_above_ma60, avoid_chase, obv_uptrend",,,,
279,2433,互盛電,,334.46210263107565,False,43.8,2.594735125893416,22.85630612388826,19.19414439527453,0.0,0.0,0.0,-1,3,,-0.1067939302313299,-0.0234113712374582,,,,D,"volume_break, market_above_ma60, avoid_chase",,,,
280,4994,傳奇,,324.5290896723753,False,91.9,1.5532648566345455,42.56625712193174,16.567153145767886,1.0,0.0,0.0,-1,3,,-0.0757071203973804,0.0076754385964912,,,,D,"volume_break, market_above_ma60, avoid_chase",,,,
281,2468,華經,,324.13958351308247,False,34.1,0.6760402348881099,51.02080160276163,10.955532301683792,1.0,0.0,1.0,-1,3,,-0.035763511374824,0.0476190476190476,,,,D,"market_above_ma60, avoid_chase, mfi_strong",,,,
282,2482,連宇,,323.4435492231454,False,16.7,0.5564010094106452,49.75251555429536,14.38852673574318,0.0,0.0,0.0,-1,3,,-0.0650898760670424,0.0182926829268292,,,,D,"market_above_ma60, avoid_chase, mfi_strong",,,,
283,3058,立德,,322.05871692790583,False,8.2,0.9850649719449934,40.994390777027775,9.80922237074232,0.0,0.0,0.0,-1,3,,-0.0760115516228645,0.0073710073710071,,,,D,"market_above_ma60, avoid_chase, mfi_strong",,,,
284,3092,鴻碩,,321.74148027269683,False,30.3,0.94302212773448,48.56445145008826,15.074602002753108,1.0,0.0,0.0,-1,3,,-0.027633430074011,0.0557491289198606,,,,D,"above_ema60, ema60_gt_ema120, market_above_ma60",,,,
285,1471,首利,,319.90157314071064,False,10.35,1.027976503984889,38.41699551184606,14.974989373383265,1.0,0.0,0.0,-1,3,,-0.0535318127252151,0.0298507462686565,,,,D,"ema60_gt_ema120, market_above_ma60, avoid_chase",,,,
286,2415,錩新,,318.0328700844896,False,26.75,0.6515700121690905,43.848889215128914,18.144399246216285,0.0,0.0,0.0,-1,3,,-0.0662722928341759,0.0171102661596957,,,,D,"ema60_gt_ema120, market_above_ma60, avoid_chase",,,,
287,5222,全訊,,312.4954425775386,False,125.0,0.7113733576648225,42.83029036772167,11.26094850683495,0.0,0.0,0.0,-1,3,,-0.0587923950594455,0.0245901639344261,,,,D,"market_above_ma60, avoid_chase, liquidity_ok",,,,
288,4915,致伸,,310.56805755568456,False,72.4,0.7138090557751559,49.0993744045378,11.212667341764597,0.0,0.0,0.0,-1,3,,-0.0778270034383161,0.0055555555555555,,,,D,"market_above_ma60, avoid_chase, liquidity_ok",,,,
289,2444,兆勁,,310.3545651003553,False,12.45,0.8941575729994404,40.30563396588308,13.23961736277128,0.0,0.0,0.0,-1,3,,-0.1182662799241043,-0.0348837209302326,,,,D,"ema60_gt_ema120, market_above_ma60, avoid_chase",,,,
290,3029,零壹,,308.94929235438923,False,96.6,0.5357951994711982,45.80924614121358,11.304596259064445,0.0,0.0,0.0,-1,3,,-0.0771325589938718,0.0062499999999998,,,,D,"market_above_ma60, avoid_chase, liquidity_ok",,,,
291,3011,今皓,,222.63195881173183,False,13.05,1.4521360862022388,47.74999894368335,15.676653076895828,1.0,0.0,0.0,-1,2,,-0.0756605512718637,0.0077220077220079,,,,D,"market_above_ma60, avoid_chase",,,,
292,3686,達能,,220.9927159329224,False,17.5,1.239080736474172,49.20013659162615,14.899348141037224,0.0,0.0,0.0,-1,2,,-0.0629743957285655,0.0204081632653061,,,,D,"market_above_ma60, avoid_chase",,,,
293,4999,鑫禾,,220.8813708432044,False,19.65,1.1829578528364422,32.87176987651182,18.646329621262357,1.0,0.0,1.0,-1,2,,-0.0959453730642234,-0.0125628140703517,,,,D,"market_above_ma60, avoid_chase",,,,
294,3543,州巧,,219.940569867522,False,35.75,0.8509544750980148,35.122509925540314,18.78058045095728,1.0,0.0,1.0,-1,2,,-0.0734955533441541,0.0098870056497175,,,,D,"market_above_ma60, avoid_chase",,,,
295,2471,資通,,219.0870747805856,False,50.9,1.0419935413883084,46.708472734820745,14.899076309219042,1.0,0.0,0.0,-1,2,,-0.0623193694251655,0.0210631895687061,,,,D,"market_above_ma60, avoid_chase",,,,
296,3712,永崴投控,,213.4353644533633,False,16.15,0.6623270431748457,47.26500109172383,12.284107882785475,1.0,0.0,1.0,-1,2,,-0.0547201386117062,0.0286624203821654,,,,D,"market_above_ma60, avoid_chase",,,,
297,3447,展達,,128.24936782031196,False,37.3,1.4467581397305775,46.5459301500872,16.45431994278993,1.0,0.0,0.0,-1,1,,-0.0267253351978375,0.0566572237960341,,,,D,market_above_ma60,,,,
298,2462,良得電,,119.824683400637,False,20.85,0.9521686924106229,46.785240672703445,13.33822207288761,0.0,0.0,1.0,-1,1,,-0.0303522559635687,0.0530303030303029,,,,D,market_above_ma60,,,,